Price,Close,High,Low,Open,Volume
Ticker,AAPL,AAPL,AAPL,AAPL,AAPL
Date,,,,,
2013-01-02,16.567115783691406,16.7472625126305,16.343820282389547,16.711655710563072,560518000
2013-01-03,16.35799789428711,16.586424459789775,16.32480517518126,16.532410750692787,352965200
2013-01-04,15.902358055114746,16.253296624055977,15.867052604020849,16.203205363495837,594333600
2013-01-07,15.808807373046875,15.971752554627331,15.546282431791802,15.75147391386213,484156400
2013-01-08,15.851353645324707,16.04990723164044,15.728843400979304,15.969037352505188,458707200
2013-01-09,15.603611946105957,15.842297440286341,15.57011627058868,15.766557086490986,407604400
2013-01-10,15.797042846679688,15.954254227516577,15.555941562396038,15.94912472154856,601146000
2013-01-11,15.700176239013672,15.85165536359634,15.66155105248647,15.721298582129995,350506800
2013-01-14,15.140429496765137,15.313936693445296,15.042661077689552,15.168491102246826,734207600
2013-01-15,14.662755012512207,15.057145213317087,14.586108944026607,15.036324221226215,876772400
2013-01-16,15.271383285522461,15.372471422363612,14.861303355835238,14.925877415955519,690804800
2013-01-17,15.168495178222656,15.41201061040328,15.148882829375221,15.39873319527148,453678400
2013-01-18,15.087620735168457,15.154608885148011,14.978988994358899,15.042960356983714,472922800
2013-01-22,15.23155689239502,15.325401221908137,14.985930443204177,15.225220349478708,461546400
2013-01-23,15.510376930236816,15.539948539857214,15.231557745578879,15.353465296148592,861509600
2013-01-24,13.593945503234863,14.053514014214164,13.586400312497931,13.880609570697057,1460852400
2013-01-25,13.27348518371582,13.766849987912577,13.126229858738128,13.62985528557248,1208026400
2013-01-28,13.573729515075684,13.675721752794024,13.152181797038761,13.21162717726021,785517600
2013-01-29,13.82840633392334,13.886645475779018,13.642828796649694,13.835347200687014,571158000
2013-01-30,13.784958839416504,13.959070382553367,13.714650915535985,13.79008834619453,417155200
2013-01-31,13.744523048400879,13.858887030747024,13.729134529005348,13.789484792157854,319334400
2013-02-01,13.688092231750488,13.86491915670093,13.529069508783648,13.853754465232576,539484400
2013-02-04,13.347112655639648,13.758099174089647,13.337456357545308,13.69684324170247,477117200
2013-02-05,13.815433502197266,13.872766969951854,13.34409589694874,13.399316646480145,573347600
2013-02-06,13.800647735595703,14.076749872479084,13.656710547145336,13.774092914102761,593706400
2013-02-07,14.210994720458984,14.265018492767874,13.78304325795857,14.060149922390107,704580800
2013-02-08,14.416168212890625,14.532412771135823,14.211904244454665,14.386424259132006,633158400
2013-02-11,14.566404342651367,14.718464827024226,14.363660812309798,14.462300510383862,517490400
2013-02-12,14.201278686523438,14.640762915482973,14.196422399733377,14.553654486878878,609053200
2013-02-13,14.174269676208496,14.375497654772,14.059239189622454,14.180340036271973,475207600
2013-02-14,14.161520957946777,14.314793883285674,14.08351886704947,14.098693954846748,355275200
2013-02-15,13.966367721557617,14.269879297744884,13.959083288120397,14.230118026669007,391745200
2013-02-19,13.961203575134277,14.044366694473313,13.77484920129554,13.99489447747439,435783600
2013-02-20,13.623093605041504,13.891397029360894,13.621574799371137,13.891397029360894,476302400
2013-02-21,13.538414001464844,13.632806887260761,13.440076597216056,13.536592893397534,447182400
2013-02-22,13.682581901550293,13.706558608185224,13.554803658419894,13.635234713826774,330654800
2013-02-25,13.439469337463379,13.813394583428291,13.432488018511593,13.774849014662692,372579200
2013-02-26,13.62673282623291,13.70473490777694,13.283461748160786,13.470423929523426,501499600
2013-02-27,13.493189811706543,13.732053196903896,13.374214003929898,13.610344511580774,587350400
2013-02-28,13.396980285644531,13.59335119472033,13.396980285644531,13.477410542218882,322515200
2013-03-01,13.065241813659668,13.299248943768665,13.050369835612477,13.293784808837103,552448400
2013-03-04,12.748981475830078,12.996342552753513,12.717112492943595,12.984201833470681,582755600
2013-03-05,13.085576057434082,13.208498019049477,12.770228533703433,12.792384943956296,638433600
2013-03-06,12.919256210327148,13.210324002927734,12.881923887569432,13.187863662511681,460250000
2013-03-07,13.06857967376709,13.111982344828458,12.77963700620197,12.884044772330494,468473600
2013-03-08,13.103178977966309,13.215781317225922,13.00878690790132,13.044905143989192,391482000
2013-03-11,13.289839744567871,13.324440800231175,12.90346979951235,13.043388775709113,474236000
2013-03-12,13.003320693969727,13.320490038569647,12.977218962725132,13.220938589958598,465911600
2013-03-13,13.000897407531738,13.187556544718747,12.91014835012655,13.003933398395882,405549200
2013-03-14,13.12685489654541,13.191805323430867,13.064634105768642,13.136869775819477,303875600
2013-03-15,13.465572357177734,13.48287247890355,13.27102095549677,13.29166018063823,643960800
2013-03-18,13.83160400390625,13.88441369607514,13.390905663925592,13.398493207481225,606197200
2013-03-19,13.794275283813477,13.99095009311565,13.612470830966886,13.946332540053042,526775200
2013-03-20,13.721129417419434,13.889579096984505,13.64555544982795,13.88320562322486,308660800
2013-03-21,13.740854263305664,13.900197551311397,13.661031873394345,13.66467408905341,383255600
2013-03-22,14.019481658935547,14.025247286171505,13.752392259601171,13.797008197096186,395105200
2013-03-25,14.070165634155273,14.263502952300813,14.015534015298359,14.103854916327185,501135600
2013-03-26,13.996109008789062,14.138758417389052,13.977594815901965,14.126617697311625,294294000
2013-03-27,13.721129417419434,13.864386693837911,13.680155696743869,13.854067890696024,331237200
2013-03-28,13.435219764709473,13.71323575125484,13.403654705187726,13.652533776056245,442839600
2013-04-01,13.017892837524414,13.466785833725593,12.98238244682374,13.412153403581994,389732000
2013-04-02,13.044599533081055,13.298030947048556,12.941708972488103,12.978131127088997,529519200
2013-04-03,13.111374855041504,13.271932242810799,13.060384637423134,13.092556737535649,363216000
2013-04-04,12.981773376464844,13.202729599311017,12.90680646285648,13.165094991365871,358447600
2013-04-05,12.844590187072754,12.897704628882245,12.737753456905963,12.884045911721977,383695200
2013-04-08,12.935944557189941,12.975097163808861,12.823039102138468,12.894666919323123,300829200
2013-04-09,12.95931625366211,13.0054493734327,12.830930963214488,12.940498946209216,306614000
2013-04-10,13.223672866821289,13.265254427063171,12.929873930241465,12.993307975744367,375928000
2013-04-11,13.18239974975586,13.293484125758619,13.08739980592043,13.16388474154954,328364400
2013-04-12,13.044907569885254,13.17693427486894,13.023358193515199,13.17693427486894,238613200
2013-04-15,12.742910385131836,12.986933155483932,12.733804846192093,12.959920461860293,317520000
2013-04-16,12.936858177185059,12.948087129891059,12.76476708149874,12.795118077520897,305771200
2013-04-17,12.225425720214844,12.765676462359558,12.08307941248523,12.755659962227295,945056000
2013-04-18,11.899152755737305,12.31617681391283,11.829041304735075,12.291896181363517,666299200
2013-04-19,11.853020668029785,12.128305492521964,11.68821318457412,11.775321659232665,609274400
2013-04-22,12.100075721740723,12.207216370664026,11.875478863181721,11.917058807146875,429920400
2013-04-23,12.326494216918945,12.394783736988224,12.104323105512927,12.261542178972208,664238400
2013-04-24,12.306161880493164,12.603299188254416,11.912811368702831,11.944377248637165,969651200
2013-04-25,12.394783020019531,12.563534956617838,12.352898351220151,12.481283614078313,384837600
2013-04-26,12.662484169006348,12.710135291936554,12.390841565510867,12.438189575591748,764097600
2013-04-29,13.054619789123535,13.160848672572902,12.747466013924088,12.761123920600486,640326400
2013-04-30,13.438860893249512,13.5138286172239,13.113800842096557,13.205764762173294,691538400
2013-05-01,13.33293628692627,13.504116376394844,13.18421652811652,13.489851436477622,506909200
2013-05-02,13.522027015686035,13.615203407463188,13.373609529825098,13.408512888947932,421828400
2013-05-03,13.657389640808105,13.756030955297552,13.632197243966516,13.697755504824714,361300800
2013-05-06,13.983059883117676,14.02828204226768,13.788811590769631,13.831302492951007,496641600
2013-05-07,13.920838356018066,14.136027354336912,13.770296666842622,14.112353760323437,483753200
2013-05-08,14.078057289123535,14.124495140996473,13.83433839729795,13.9323718812337,472598000
2013-05-09,13.955239295959473,14.145578167133321,13.918882799589904,14.048117890468268,398487600
2013-05-10,13.839139938354492,14.045061062696893,13.763065752898088,13.991900179110004,334852000
2013-05-13,13.893220901489258,13.989765837218439,13.794233380517783,13.794538499716387,316948800
2013-05-14,13.56081485748291,13.907274405349103,13.508570135106392,13.866029473597088,447118000
2013-05-15,13.102227210998535,13.473434835004392,12.9039454538231,13.417219488153902,741613600
2013-05-16,13.277292251586914,13.377197572539913,12.79823718602013,12.930832682546885,603204000
2013-05-17,13.236957550048828,13.44562797618718,13.16821602377832,13.413853988249162,427904400
2013-05-20,13.532398223876953,13.620082436025866,13.140415636917407,13.195714801890006,451578400
2013-05-21,13.432497024536133,13.610309719093202,13.265683305671265,13.386363655789456,456022000
2013-05-22,13.484129905700684,13.697994798749694,13.388501961991542,13.566620591889109,443038400
2013-05-23,13.508265495300293,13.631084937421551,13.314260281111142,13.319148714528108,353021200
2013-05-24,13.600226402282715,13.615807875075841,13.453882605691069,13.468853024338845,276166800
2013-05-28,13.486875534057617,13.782313227027277,13.468850663668915,13.745346497279254,386145200
2013-05-29,13.594115257263184,13.672023433596395,13.42455141067669,13.442883034223302,330576400
2013-05-30,13.796673774719238,13.885886035042764,13.580670653451964,13.615499918739586,353519600
2013-05-31,13.740155220031738,13.965323367523496,13.733127689515456,13.8247825471173,384302800
2013-06-03,13.77039909362793,13.820503893826984,13.518650537059212,13.770704212738169,372352400
2013-06-04,13.72732162475586,13.883748213811208,13.668662061773395,13.846779848021836,292728800
2013-06-05,13.599000930786133,13.770397904948503,13.556227967016515,13.615498572803894,290589600
2013-06-06,13.395833969116211,13.656748391861253,13.261100194332135,13.610003971069226,416934000
2013-06-07,13.49817943572998,13.541868572469339,13.22198874180857,13.335948271883527,404535600
2013-06-10,13.408967018127441,13.720291273202264,13.345113916246978,13.58739070265449,450153200
2013-06-11,13.36955738067627,13.527206080163346,13.238795062440792,13.312731795056088,286112400
2013-06-12,13.204276084899902,13.481077981506061,13.183195118740265,13.427611952162488,265227200
2013-06-13,13.319451332092285,13.3555027059447,13.099171645485745,13.213742242610977,285832400
2013-06-14,13.138890266418457,13.329535068129,13.091533981173525,13.30234356835789,271866000
2013-06-17,13.198464393615723,13.311506941833937,13.148359594743232,13.181355696579852,259414400
2013-06-18,13.191437721252441,13.287065637803932,13.143777138354732,13.185022061822322,195025600
2013-06-19,12.923501014709473,13.188080956981976,12.923501014709473,13.180137252373385,310940000
2013-06-20,12.735295295715332,13.014539611055481,12.684273514149812,12.810453300619772,357310800
2013-06-21,12.633255958557129,12.831844494298435,12.468275403794639,12.785710310140868,481118400
2013-06-24,12.298406600952148,12.485385109721275,12.161227786462787,12.44688951039155,480746000
2013-06-25,12.30115032196045,12.45879814628986,12.185052530456517,12.394945054415041,314162800
2013-06-26,12.16183853149414,12.367147831709836,12.08820772988097,12.339956329845444,367724000
2013-06-27,12.030765533447266,12.263266259733781,12.023433701836332,12.197885934230246,337246000
2013-06-28,12.114785194396973,12.229049029435226,11.880756406651038,11.95683140614041,578516400
2013-07-01,12.502490043640137,12.595674558662294,12.258074144558243,12.302986207458101,391053600
2013-07-02,12.7857084274292,12.881642290988939,12.510130366422452,12.52510078419525,469865200
2013-07-03,12.856283187866211,12.922887266024262,12.753934485989186,12.85811635008597,240928800
2013-07-05,12.753015518188477,12.93235618964208,12.68977347098585,12.843755810247355,274024800
2013-07-08,12.680606842041016,12.862391729359043,12.54617823012611,12.835201051065408,298138400
2013-07-09,12.903637886047363,12.938772267205069,12.537930634293298,12.636307880526596,352584400
2013-07-10,12.854142189025879,12.978489634970305,12.778373942631422,12.819618862734337,281405600
2013-07-11,13.0545654296875,13.083896024489391,12.867587782784518,12.921969962326665,326292400
2013-07-12,13.03073501586914,13.130945433029371,12.936024085183043,13.065564281045473,279563200
2013-07-15,13.059149742126465,13.181969177448858,12.978493042691419,12.98490951910933,241917200
2013-07-16,13.143471717834473,13.159052371571319,12.959242602419211,13.031039410048862,216538000
2013-07-17,13.146832466125488,13.205187722212122,13.082979355032247,13.12819654062972,198990400
2013-07-18,13.191133499145508,13.286149552298902,13.155999113615788,13.240627247506891,218878800
2013-07-19,12.983074188232422,13.258958153325302,12.964742566995342,13.23207259133741,268721600
2013-07-22,13.024624824523926,13.12972367692324,12.998961369449793,13.120863800835085,207796400
2013-07-23,12.800982475280762,13.04448135990956,12.792427719831393,13.015151585623821,369395600
2013-07-24,13.458462715148926,13.583114475369715,13.298064701682978,13.410190262060647,591936800
2013-07-25,13.397056579589844,13.485657806906215,13.314871829284636,13.464271725740213,229493600
2013-07-26,13.473129272460938,13.474656499782808,13.269958273231897,13.299288053920241,200152400
2013-07-29,13.680880546569824,13.74809485434217,13.448990858424661,13.46732166244147,248057600
2013-07-30,13.849834442138672,13.966848436353713,13.724875929512796,13.747178994240194,309422400
2013-07-31,13.825698852539062,13.97265369457516,13.730987913097245,13.900857692140558,322957600
2013-08-01,13.952491760253906,13.956158085443796,13.848003939822174,13.924079779599019,206250800
2013-08-02,14.131525993347168,14.140997740953773,13.951880961221903,13.993125894210662,274783600
2013-08-05,14.342638969421387,14.379912453635995,14.119609934059339,14.197211357157167,318855600
2013-08-06,14.214320182800293,14.417185238885553,14.120219487764066,14.298949131847387,334857600
2013-08-07,14.206069946289062,14.267785588872268,14.107997811847808,14.170018573539595,298858000
2013-08-08,14.177779197692871,14.272808356095357,14.0836714405912,14.265427291129479,255777200
2013-08-09,13.976029396057129,14.16085981651724,13.951427495598853,14.104887577668348,266865200
2013-08-12,14.373064994812012,14.412736164967303,14.04307687061932,14.050150801639392,364434000
2013-08-13,15.056100845336914,15.212637180153871,14.394278729042034,14.48315861067442,881941200
2013-08-14,15.33073902130127,15.50757255007727,15.173895469665059,15.311672088048798,756372400
2013-08-15,15.312589645385742,15.450675005351076,15.041034143733052,15.2667675903191,490294000
2013-08-16,15.448527336120605,15.467287137585211,15.341812282683257,15.381483465013508,362306000
2013-08-19,15.61490249633789,15.799424213294728,15.499883351736901,15.510339040363633,510518400
2013-08-20,15.409770965576172,15.701932329319808,15.402082767966021,15.675484338267415,358688400
2013-08-21,15.449447631835938,15.596756885386297,15.413772480800512,15.487274361889659,335879600
2013-08-22,15.467896461486816,15.548779396843967,15.321508630080258,15.530019601375312,244207600
2013-08-23,15.40823745727539,15.479893250506988,15.356878773532106,15.477432895270422,222731600
2013-08-26,15.4682035446167,15.69055357725314,15.392241327364133,15.399929524963252,330965600
2013-08-27,15.025968551635742,15.454062178804968,14.955542931393081,15.31536087504619,424188800
2013-08-28,15.097004890441895,15.24769914312708,14.94631228018298,14.94631228018298,307608000
2013-08-29,15.12160587310791,15.269223836370916,15.104076260500754,15.120068562379878,239657600
2013-08-30,14.983832359313965,15.160049922035551,14.961689167614638,15.13083444258535,272297200
2013-09-03,15.025660514831543,15.395319857862686,14.987833784676122,15.164667301627773,331928800
2013-09-04,15.33657455444336,15.445751547326608,15.26245843239607,15.363331318709468,345032800
2013-09-05,15.231398582458496,15.397778011701615,15.181270088564762,15.38455319492522,236367600
2013-09-06,15.322129249572754,15.357802764090424,15.067796143214995,15.328896048827486,359525600
2013-09-09,15.566619873046875,15.620438917434317,15.483892472938507,15.530637584703367,340687200
2013-09-10,15.212019920349121,15.60597546458009,15.053946288848653,15.567532845623065,743195600
2013-09-11,14.383825302124023,14.567731031242548,14.294638283024657,14.362296381525251,898696400
2013-09-12,14.536982536315918,14.62032418571774,14.331546183541558,14.408124320493648,404051200
2013-09-13,14.297412872314453,14.510535824205085,14.291263626147435,14.43395931424486,298835600
2013-09-16,13.842869758605957,14.196229605879534,13.753684357751638,14.177471452932863,543706800
2013-09-17,14.002787590026855,14.13779667115123,13.762293682255448,13.776439899646043,399380800
2013-09-18,14.290647506713867,14.3420061939002,14.167017111428386,14.244516664149026,456862000
2013-09-19,14.524986267089844,14.633547363686892,14.431187298487808,14.475780816199485,404541200
2013-09-20,14.374601364135742,14.717196731844531,14.331238022005701,14.700283024653594,699302800
2013-09-23,15.089014053344727,15.28183988213377,14.841753274481535,15.256929195479737,762106800
2013-09-24,15.041646957397461,15.237547329921325,15.002282931170008,15.2194034488459,364344400
2013-09-25,14.808844566345215,15.05825687899078,14.80576994401042,15.044726569805933,316957200
2013-09-26,14.953075408935547,15.025038306203376,14.881726779009453,14.946310256046212,237221600
2013-09-27,14.846365928649902,14.905412809394026,14.783935648992458,14.878041769155901,228040400
2013-09-30,14.661845207214355,14.812844996931286,14.589880635972776,14.677221606611006,260156400
2013-10-01,15.006586074829102,15.04287547540354,14.711964429486542,14.71411764986007,353883600
2013-10-02,15.05579662322998,15.124684916732603,14.877118689799925,14.9349353864568,289184000
2013-10-03,14.866661071777344,15.14159997294872,14.784549604345465,15.085011812391494,322753200
2013-10-04,14.854972839355469,14.903255241708996,14.718733587893588,14.880497784587165,258868400
2013-10-07,15.000133514404297,15.15082614686718,14.926324509387953,14.963536966867098,312292400
2013-10-08,14.79069995880127,15.089010577470027,14.778398185210035,15.067481652472175,290917200
2013-10-09,14.964457511901855,15.001361191085213,14.708894318853238,14.904487596105787,301725200
2013-10-10,15.058259010314941,15.142523711817828,14.978299109175355,15.109926469234692,278602800
2013-10-11,15.155749320983887,15.187425163841976,14.920483181892259,14.976762577898443,267738800
2013-10-14,15.25507926940918,15.302440275515538,15.049337448354764,15.064099576350463,261898000
2013-10-15,15.336271286010742,15.4383743752373,15.239090549169925,15.300289005040833,320073600
2013-10-16,15.411001205444336,15.454671679079464,15.353184513846164,15.401159786886975,251101200
2013-10-17,15.515254020690918,15.523865260908293,15.367021777300012,15.376247284891276,253593200
2013-10-18,15.650260925292969,15.661639651970297,15.552464317141272,15.561075556166855,290542000
2013-10-21,16.033763885498047,16.124179449000888,15.731146854155659,15.738835051299288,398106800
2013-10-22,15.987940788269043,16.25180806757294,15.62381652381499,16.189070668425376,534063600
2013-10-23,16.144481658935547,16.166317722459628,15.96118847704582,15.96118847704582,313723200
2013-10-24,16.35821533203125,16.37543781339272,16.06728580566447,16.14570673047526,384764800
2013-10-25,16.175235748291016,16.3988143684318,16.14909488484614,16.340074619735987,337792000
2013-10-28,16.29578399658203,16.330228957038337,16.090656471964955,16.269950276239804,550440800
2013-10-29,15.889838218688965,16.583950683671073,15.82402618578936,16.492304923157846,635807200
2013-10-30,16.14263916015625,16.223213340940895,15.900299065273165,15.979951844544903,354163600
2013-10-31,16.074975967407227,16.222286850718618,16.030998353025115,16.145710353372056,275696400
2013-11-01,15.992856979370117,16.139551883796205,15.863998819335485,16.11556425471359,274890000
2013-11-04,16.199527740478516,16.20168096151944,15.955343276849774,16.02576887945372,244627600
2013-11-05,16.159547805786133,16.26534141904996,16.08420149357465,16.132792679335452,265213200
2013-11-06,16.113765716552734,16.235643159471426,16.029626915532177,16.213679613505935,223375600
2013-11-07,15.852997779846191,16.183984061766974,15.849596279721537,16.072316067145305,262620400
2013-11-08,16.102630615234375,16.12026257782289,15.856092065913964,15.917649471514375,279316800
2013-11-11,16.055917739868164,16.13696230247467,15.912387353623748,16.0849948597352,227452400
2013-11-12,16.08561897277832,16.206567997639148,15.992509716359635,16.013234253216194,204276800
2013-11-13,16.10480308532715,16.15491534757087,15.991276525645324,16.02344789094282,197220800
2013-11-14,16.33772087097168,16.37236528365951,16.143149813914466,16.172226935068366,282419200
2013-11-15,16.23966407775879,16.366489306393156,16.2241979088064,16.288847882720393,317920400
2013-11-18,16.042932510375977,16.30772259559789,16.029632129324202,16.23966944728752,244944000
2013-11-19,16.07138442993164,16.189858705211446,16.022509558089585,16.055298757221617,208938800
2013-11-20,15.930639266967773,16.098299009612766,15.909914733313732,16.061487149635642,193916800
2013-11-21,16.120576858520508,16.122742651702406,15.889506054601046,16.01107296755018,262026800
2013-11-22,16.07912254333496,16.15212512107127,16.039837607861564,16.070461024550813,223725600
2013-11-25,16.200998306274414,16.266885645083992,16.116241645099844,16.116859498940194,229311600
2013-11-26,16.499813079833984,16.584571392207238,16.209041814079175,16.21275224111676,401382800
2013-11-27,16.888338088989258,16.88957544884424,16.499815354603044,16.589832045041348,363448400
2013-11-29,17.20107650756836,17.270984869115058,16.945567451193376,16.997225991864156,318127600
2013-12-02,17.051355361938477,17.45657992888661,17.03867283791411,17.26077312381796,472544800
2013-12-03,17.518138885498047,17.519995751235278,17.250875772536173,17.270054023731465,450968000
2013-12-04,17.477306365966797,17.606916906415922,17.348004752445682,17.49277253655521,377809600
2013-12-05,17.567014694213867,17.79097187725935,17.52092510353637,17.713948289469545,447580000
2013-12-06,17.32325553894043,17.531437571827922,17.309337308645492,17.50174094182415,344352400
2013-12-09,17.52153778076172,17.61897695184947,17.350476544306133,17.350476544306133,320493600
2013-12-10,17.494314193725586,17.566389965786904,17.359754249973992,17.433376308281826,278269600
2013-12-11,17.364707946777344,17.661978246554476,17.313051070172783,17.539172360976004,359718800
2013-12-12,17.339345932006836,17.487825818399962,17.32357083203612,17.388840328815153,262290000
2013-12-13,17.150339126586914,17.411725970256164,17.12683094645246,17.41079753756217,332822000
2013-12-16,17.245302200317383,17.404300416446972,17.16828028925073,17.16858921611879,282592800
2013-12-17,17.167661666870117,17.305314199910622,17.11785835793665,17.19302671166278,229902400
2013-12-18,17.037126541137695,17.05816165823614,16.666855285296503,17.00402840471522,565863200
2013-12-19,16.84193992614746,17.01331015643188,16.81935851910871,16.997843982410608,320308800
2013-12-20,16.982994079589844,17.063111893262647,16.85307459548422,16.871943920757346,436413600
2013-12-23,17.6347599029541,17.65424708322145,17.408019060391037,17.57010825834892,501306400
2013-12-24,17.559900283813477,17.69012868846453,17.509168530947445,17.628571276132835,167554800
2013-12-26,17.443286895751953,17.61651402407094,17.42720121274787,17.57320641598303,204008000
2013-12-27,17.325420379638672,17.459051903285182,17.30717056579613,17.44080208944264,225884400
2013-12-30,17.153127670288086,17.32542632491592,17.08507452559664,17.244072799879987,253629600
2013-12-31,17.35419273376465,17.362234746534927,17.137040216793675,17.142300235006612,223084400
2014-01-02,17.11012840270996,17.23076850299422,17.075792907895675,17.189008849514835,234684800
2014-01-03,16.734294891357422,17.127765506594177,16.717280776306687,17.10178259548456,392467600
2014-01-06,16.825544357299805,16.914322041364944,16.50600317602923,16.625097004426777,412610800
2014-01-07,16.705211639404297,16.888335918357946,16.6396332275346,16.83760582283964,317209200
2014-01-08,16.81100082397461,16.875959719975132,16.66344942001279,16.66715984651306,258529600
2014-01-09,16.596324920654297,16.916174954158592,16.560132564116415,16.91431808868714,279148800
2014-01-10,16.485586166381836,16.72872159028717,16.428978193318883,16.69871602749191,304976000
2014-01-13,16.571889877319336,16.781307647601537,16.39092972949508,16.391858162318798,378492800
2014-01-14,16.901639938354492,16.91215667100066,16.63159152196462,16.648914559747794,332561600
2014-01-15,17.240976333618164,17.328827225935846,17.064656695100986,17.12219309883261,391638800
2014-01-16,17.144775390625,17.225202128436123,17.065275433684636,17.16488207507778,229278000
2014-01-17,16.72469711303711,17.07733633040607,16.70087835431873,17.05908651576035,426739600
2014-01-21,16.984535217285156,17.01546755005851,16.71696161791353,16.734593576239206,328526800
2014-01-22,17.060020446777344,17.238813180210105,16.945567127689177,17.041460047245646,379985200
2014-01-23,17.20447540283203,17.214374281272015,16.85276455134417,17.011452229299667,403239200
2014-01-24,16.891738891601562,17.18715066880616,16.850906022067754,17.137038427658833,429354800
2014-01-27,17.028776168823242,17.161789889788547,16.881844212983715,17.015475787936317,554878800
2014-01-28,15.667708396911621,15.930639879910524,15.530672059145113,15.73761673683839,1065523200
2014-01-29,15.489842414855957,15.694621320994843,15.423955073975353,15.588829541657477,502810000
2014-01-30,15.45982837677002,15.667701394266073,15.364555033433653,15.545204499667548,678501600
2014-01-31,15.485206604003906,15.513974813577484,15.267127253516433,15.31754843902207,464797200
2014-02-03,15.5139741897583,15.705761695198294,15.444994257379546,15.547382911408297,401464000
2014-02-04,15.738553047180176,15.75927924619676,15.552025516113419,15.647609538821897,376681200
2014-02-05,15.856091499328613,15.93930187053504,15.65997412540021,15.669564075664326,328344800
2014-02-06,15.948517799377441,15.979326187718316,15.802260219038297,15.87227792370921,257765200
2014-02-07,16.171634674072266,16.272769868004787,16.10006309799967,16.22453641580688,370280400
2014-02-10,16.461345672607422,16.55470147970671,16.11935403853627,16.139891850764933,345559200
2014-02-11,16.678245544433594,16.733945936264536,16.477218250106866,16.511760935517003,282256800
2014-02-12,16.676990509033203,16.790262538722736,16.59359452144773,16.709043644932468,308100800
2014-02-13,16.941814422607422,16.954883636503983,16.62347170522086,16.63778568529348,307398000
2014-02-14,16.92812156677246,16.99004910402172,16.84161446599057,16.880822110538364,272924400
2014-02-18,16.990358352661133,17.15217296708488,16.978532243237616,16.990669128723837,260251600
2014-02-19,16.722122192382812,17.01836998050353,16.628144811717426,16.95177580174137,313768000
2014-02-20,16.528564453125,16.71060781215197,16.461659501028414,16.585822049493018,305858000
2014-02-21,16.3449649810791,16.634988914155308,16.32473794189308,16.579597638494295,278784800
2014-02-24,16.41653823852539,16.490290242210826,16.256902327353,16.279618901745184,288909600
2014-02-25,16.245695114135742,16.479393743099912,16.212709639792077,16.473482349899566,231952000
2014-02-26,16.09912872314453,16.33718489335932,16.044671440166667,16.293930507859294,276217200
2014-02-27,16.420272827148438,16.454813850097363,16.0586756479131,16.092595118582246,301882000
2014-02-28,16.37576675415039,16.578347840351377,16.24755752442315,16.46414181195255,371968800
2014-03-03,16.42307472229004,16.51300703062209,16.269037765820865,16.288020040754684,238781200
2014-03-04,16.531360626220703,16.57492744226712,16.423380069066408,16.523893691088276,259140000
2014-03-05,16.566221237182617,16.640593139808008,16.465707571729638,16.52141129750555,200062800
2014-03-06,16.516109466552734,16.63093704643417,16.433645800912927,16.57959086719984,185488800
2014-03-07,16.506465911865234,16.55438857550767,16.36985574145076,16.526692945406367,220729600
2014-03-10,16.52140235900879,16.59639743536766,16.441115780564054,16.441738994534596,178584000
2014-03-11,16.682283401489258,16.764747076213286,16.573368863264474,16.662368806281318,279224400
2014-03-12,16.698474884033203,16.72150223850005,16.555019251990885,16.633127120970922,199326400
2014-03-13,16.51300621032715,16.793382806409298,16.466639072842902,16.72430075727148,257742800
2014-03-14,16.327537536621094,16.520471321145305,16.274946577629358,16.4551219234688,237199200
2014-03-17,16.39133071899414,16.491842692188126,16.363635083523278,16.421205111026797,199544800
2014-03-18,16.53634262084961,16.5540801264781,16.343408815600583,16.365191396531216,209647200
2014-03-19,16.531984329223633,16.686953567554852,16.461655869334944,16.56310348446291,224756000
2014-03-20,16.45232391357422,16.575864904719626,16.410314292871558,16.489354468542835,208398400
2014-03-21,16.582082748413086,16.60946760280512,16.378569306299998,16.552831575809968,374046400
2014-03-24,16.77875328063965,16.819518126242517,16.65023325108253,16.754791947364662,355700800
2014-03-25,16.95924949645996,16.98290006776356,16.79120928732351,16.85064732278646,282293200
2014-03-26,16.797115325927734,17.084028162275896,16.768487360850298,17.006854307968403,299768000
2014-03-27,16.724924087524414,16.850643857749567,16.65210773107857,16.804587491523762,222031600
2014-03-28,16.706249237060547,16.77097542822125,16.625030306508396,16.751682379894433,200564000
2014-03-31,16.70252227783203,16.82917439427391,16.677314503131008,16.780006935510077,168669200
2014-04-01,16.85530662536621,16.86215367135132,16.703448452080956,16.73425517330085,200760000
2014-04-02,16.883304595947266,16.912244984094485,16.81204383429775,16.87801475699742,180420800
2014-04-03,16.76630973815918,16.88175892035495,16.730523948439863,16.847217897110337,162344000
2014-04-04,16.549413681030273,16.80396262015856,16.510827580442804,16.79805122555999,275251200
2014-04-07,16.28957748413086,16.5207883338966,16.240411691172994,16.431166791277665,289850400
2014-04-08,16.28864097595215,16.372038663524293,16.14113864921217,16.343098259965622,243888400
2014-04-09,16.502731323242188,16.508021163569907,16.244448180077715,16.263741223233392,206169600
2014-04-10,16.289878845214844,16.562475925990807,16.280231494145177,16.513930056551345,239652000
2014-04-11,16.169458389282227,16.269659597946106,16.092595305662165,16.150474454056454,271717600
2014-04-14,16.23387336730957,16.248808902741715,16.094773625445207,16.240718751803282,205674000
2014-04-15,16.118112564086914,16.232627758976903,15.911797085689923,16.189996583472333,266490000
2014-04-16,16.150785446166992,16.215511635350616,15.999238049308042,16.12091105335715,214765600
2014-04-17,16.3353214263916,16.423076649929854,16.15670155534646,16.18159688995374,284334400
2014-04-21,16.5291805267334,16.559364023555016,16.304815204169664,16.347758798370226,182548800
2014-04-22,16.545677185058594,16.549722259868183,16.38386089744143,16.440184492499696,202563200
2014-04-23,16.32939910888672,16.527935114826327,16.320062533701357,16.463519726043028,394940000
2014-04-24,17.668121337890625,17.737515818745177,17.449047435679493,17.681813768385897,759911600
2014-04-25,17.797887802124023,17.799441682897818,17.54956269733047,17.56729854291115,390275200
2014-04-28,18.487163543701172,18.538820530415748,17.816870806912046,17.82465184515796,669485600
2014-04-29,18.432384490966797,18.54596731669774,18.344630976487743,18.476262079158303,337377600
2014-04-30,18.362680435180664,18.653327512579505,18.353656296130097,18.442033030279468,456640800
2014-05-01,18.405941009521484,18.509253300923355,18.24661422794508,18.422121311445213,244048000
2014-05-02,18.440170288085938,18.490584162092844,18.350861200389968,18.432703351019413,191514400
2014-05-05,18.700946807861328,18.70219323651136,18.359889029211217,18.36424654377172,287067200
2014-05-06,18.49711799621582,18.80830129745755,18.49711799621582,18.72708236442871,374564400
2014-05-07,18.432384490966797,18.586732158783548,18.28923971770345,18.523250751551554,282864400
2014-05-08,18.39952850341797,18.600425146931713,18.349773945880525,18.407663838165124,230297200
2014-05-09,18.32286262512207,18.345079375101353,18.159828379524125,18.29156966263056,291597600
2014-05-12,18.55099105834961,18.576962975263335,18.381073121781622,18.383890743036147,213208800
2014-05-13,18.5800838470459,18.604491522971966,18.48433155674395,18.525009902496528,159737200
2014-05-14,18.583532333374023,18.69399444022596,18.516880389176382,18.538472122973577,166404000
2014-05-15,18.425498962402344,18.668952345085884,18.40109128889113,18.60949822712389,230846000
2014-05-16,18.69742774963379,18.698052773194796,18.31847797001773,18.419551298813918,276256400
2014-05-19,18.918991088867188,19.00473135059634,18.691808223264953,18.70808057349313,317755200
2014-05-20,18.92273712158203,18.975620145338002,18.79819362321299,18.91647852835848,234836000
2014-05-21,18.972801208496094,18.98500420997056,18.83980988360752,18.895196335931086,196859600
2014-05-22,19.002845764160156,19.08358078961261,18.903650811339705,18.98188072805374,200760000
2014-05-23,19.21751594543457,19.236291731556808,18.977817591761887,19.00222527812729,232209600
2014-05-27,19.577373504638672,19.58456963440153,19.264450487087355,19.272273311848142,348866000
2014-05-28,19.526681900024414,19.708802829048864,19.519484098274425,19.589578688197737,315481600
2014-05-29,19.882471084594727,19.929097190232213,19.644337023780825,19.646840461280643,376474000
2014-05-30,19.807998657226562,20.157532385550606,19.679699977039498,19.96383348196616,564020800
2014-06-02,19.6718807220459,19.865267148801102,19.47943350243078,19.838043511235274,369350800
2014-06-03,19.95006561279297,19.987617181665325,19.659360986317004,19.66593209307295,292709200
2014-06-04,20.17787742614746,20.273945622051254,19.905321835329936,19.946941081233877,335482000
2014-06-05,20.257036209106445,20.320247161216756,20.10871173671859,20.22105055365511,303805600
2014-06-06,20.20133399963379,20.379388863176548,20.166914248455623,20.336830435156386,349938400
2014-06-09,20.524585723876953,20.564014024989334,20.097447187814854,20.305539977960716,301660000
2014-06-10,20.645069122314453,20.820306451774428,20.496117893629584,20.750211854227842,251108000
2014-06-11,20.559635162353516,20.75677668054344,20.47420744966897,20.618776782217232,182724000
2014-06-12,20.21573829650879,20.61659253566515,20.130310563073753,20.599068469527978,218996000
2014-06-13,19.99449920654297,20.248593122097372,19.906880557345353,20.196020929866766,218100000
2014-06-16,20.19602394104004,20.31649981054773,20.03173957599518,20.044883461605917,142244000
2014-06-17,20.16973304748535,20.30554034283446,20.108400504916535,20.220112634086973,118904000
2014-06-18,20.191640853881836,20.21573602431548,20.009832448314068,20.21135417268023,134056000
2014-06-19,20.121551513671875,20.217932220530912,20.007646738077163,20.21574129414216,142112000
2014-06-20,19.913454055786133,20.272689026435387,19.911263129900515,20.119355966991034,403592000
2014-06-23,19.895923614501953,20.06896993789578,19.845542362400458,20.00325555188274,174776000
2014-06-24,19.775449752807617,20.095256342578587,19.755736437766004,19.878401521188728,156144000
2014-06-25,19.79296875,19.86744348268623,19.637446510108756,19.760111562150076,147476000
2014-06-26,19.91126251220703,19.944119714724856,19.670312479054207,19.795168511672554,130516000
2014-06-27,20.147829055786133,20.152209235515286,19.882782224544503,19.893735180647088,256116000
2014-06-30,20.355926513671875,20.531163824323087,20.17192717036942,20.174118096328943,197929200
2014-07-01,20.48516273498535,20.605638594955696,20.399735005619778,20.48516273498535,152892000
2014-07-02,20.476396560668945,20.603441820078437,20.390967184368264,20.561824265783248,113860000
2014-07-03,20.59687042236328,20.612203557135338,20.415062059218627,20.518013823196597,91567200
2014-07-07,21.02182388305664,21.026204063357227,20.61220767070424,20.6209697024921,225872000
2014-07-08,20.88602066040039,21.203638133403448,20.572785040093734,21.08754243356893,260888000
2014-07-09,20.894771575927734,21.017436647159126,20.75677337079242,20.905724530653217,145744000
2014-07-10,20.818111419677734,20.929825236955118,20.485160893608157,20.53773308478969,158744000
2014-07-11,20.85753631591797,21.00429656545824,20.77867971323051,20.888202586831266,136072000
2014-07-14,21.126964569091797,21.223345245960996,20.95172894982294,20.997728362550514,171240000
2014-07-15,20.879444122314453,21.214583905380074,20.815920644234733,21.20363261886153,181911600
2014-07-16,20.76116180419922,21.269348021442127,20.752399771172474,21.240872667495392,213585200
2014-07-17,20.39097023010254,20.870681008309866,20.27706716333225,20.81591956499621,229192000
2014-07-18,20.684490203857422,20.752393851461253,20.375634894717855,20.50706368144151,199952000
2014-07-21,20.577163696289062,20.809351717515217,20.528973351237546,20.80716079150736,156316000
2014-07-22,20.748018264770508,20.785255649365094,20.61659112013933,20.73925623230352,220788000
2014-07-23,21.2890625,21.44020297030145,20.846589034350956,20.901350486056945,371672000
2014-07-24,21.254013061523438,21.317536542137837,21.120394993883973,21.256203987389252,182916000
2014-07-25,21.39419937133789,21.431436750137543,21.168582501780925,21.214581911684004,173876000
2014-07-28,21.68991470336914,21.738105047475983,21.367918776375586,21.42706040793326,221272000
2014-07-29,21.549726486206055,21.78191618444589,21.521251132136882,21.757821011315464,172572000
2014-07-30,21.499338150024414,21.61981229554173,21.394195467157097,21.56286161054209,132040000
2014-07-31,20.94077491760254,21.346009250895598,20.88163329604182,21.282487449332315,227372000
2014-08-01,21.056873321533203,21.164206972747305,20.767732916326462,20.787447908438267,194044000
2014-08-04,20.938581466674805,21.1554379523451,20.846582657037548,21.109438547526473,159832000
2014-08-05,20.835636138916016,20.958301246492034,20.66916087064374,20.888206660564773,223732000
2014-08-06,20.80058479309082,20.914489522096467,20.745823354080624,20.754585384864633,154232000
2014-08-07,20.798377990722656,21.12197537926712,20.714725525542313,20.89743817585892,186844000
2014-08-08,20.85562515258789,20.87323638583276,20.53422770361742,20.749961112117962,167460000
2014-08-11,21.130786895751953,21.150599946015525,20.87763096582242,20.97228921163958,146340000
2014-08-12,21.126380920410156,21.326703131295453,21.047132093389965,21.141790321247488,135180000
2014-08-13,21.40595817565918,21.40595817565918,21.14179646186546,21.16601148157146,127664000
2014-08-14,21.463199615478516,21.478609024945538,21.30910552080828,21.425777003844267,112464000
2014-08-15,21.5688533782959,21.615081581065667,21.322301284025052,21.551242154526822,195804000
2014-08-18,21.828622817993164,21.874851041448032,21.568863029413794,21.681130852304406,190288000
2014-08-19,22.130205154418945,22.163225790860647,21.863841598254716,21.883654651919475,277596000
2014-08-20,22.139009475708008,22.253479105250783,22.00252497015768,22.110392488197125,210796000
2014-08-21,22.141210556030273,22.220459404399577,22.037746688464843,22.13900873260358,133912000
2014-08-22,22.30411148071289,22.3371321159829,22.05535916341081,22.077372360424388,176736000
2014-08-25,22.3525447845459,22.491229457524,22.295309120356727,22.407578624862538,161080000
2014-08-26,22.209453582763672,22.343736270076786,22.202849791502256,22.326125040380145,132608000
2014-08-27,22.4824161529541,22.579276216226845,22.167622626816634,22.238065851151646,209476000
2014-08-28,22.508838653564453,22.625510115762786,22.3569447305896,22.363548522110356,273840000
2014-08-29,22.563875198364258,22.65192968137974,22.497833916227755,22.643124065128234,178380000
2014-09-02,22.739978790283203,22.836837187160192,22.61229990405993,22.687145105260296,214256000
2014-09-03,21.780189514160156,22.717964786028737,21.70094066308686,22.69595158950821,501684000
2014-09-04,21.59968376159668,22.033349042819065,21.527038684222003,21.76038164603197,342872000
2014-09-05,21.78679847717285,21.879254932207015,21.64150832254805,21.74937586625421,233828000
2014-09-08,21.652507781982422,21.861635640736306,21.584266377873075,21.859435497022403,185426800
2014-09-09,21.571067810058594,22.69155789195879,21.163817647758854,21.811016274229694,759385200
2014-09-10,22.233667373657227,22.2578823932756,21.520429405395724,21.575463235528538,403478400
2014-09-11,22.328327178955078,22.330529002573044,21.92988275856865,22.10378987540288,249412400
2014-09-12,22.378963470458984,22.49563495279234,22.251284547358473,22.279901542053558,250504400
2014-09-15,22.372358322143555,22.68495184175926,22.330533741522192,22.63211814071172,245266000
2014-09-16,22.20284652709961,22.290900983137195,21.769179716701224,21.969503646174207,267632400
2014-09-17,22.361343383789062,22.409773416790806,22.143408235281207,22.293100301150695,243706000
2014-09-18,22.407573699951172,22.5308489377262,22.35694183900834,22.438392509394927,149197600
2014-09-19,22.224863052368164,22.530851031349467,22.12360100057213,22.517643448788903,283609600
2014-09-22,22.24688148498535,22.48462810401837,22.141217440637146,22.409782879230033,211153600
2014-09-23,22.594690322875977,22.66073159421945,22.132406461969566,22.145614044438542,253608800
2014-09-24,22.398773193359375,22.64092175684714,22.27769807186573,22.48902949838183,240687200
2014-09-25,21.544645309448242,22.16982883926195,21.511624674113175,22.125802445148047,400368000
2014-09-26,22.17863655090332,22.17863655090332,21.661318813407448,21.689935804337203,249482000
2014-09-29,22.037748336791992,22.110393399813915,21.711947304738683,21.716350951921452,199065200
2014-09-30,22.17863655090332,22.35254367924438,22.130206505099554,22.19184413448637,221056400
2014-10-01,21.833023071289062,22.165427904688674,21.72735736919206,22.143413027106423,205965200
2014-10-02,21.991525650024414,22.061968907173952,21.582073692999057,21.85283928037083,191031200
2014-10-03,21.929882049560547,22.05976108733299,21.802203155835613,21.890257623214854,173878400
2014-10-06,21.929882049560547,22.15662116940008,21.885853976121293,22.00252543161159,148204800
2014-10-07,21.738365173339844,22.039951198592288,21.733963205449022,21.888057274118513,168376800
2014-10-08,22.18964195251465,22.25788336742628,21.641503771162263,21.740565677436457,229618800
2014-10-09,22.238073348999023,22.537457573238722,22.14781872465444,22.35254467682571,309506000
2014-10-10,22.174236297607422,22.46041126753317,22.07957802244362,22.165430681371305,265326400
2014-10-13,21.971712112426758,22.405379087090374,21.971712112426758,22.306318836212764,214333600
2014-10-14,21.738365173339844,22.128003992403777,21.69874074432492,22.09938700236498,254754400
2014-10-15,21.472000122070312,21.82641813496269,20.952480612967168,21.56665838041112,403734400
2014-10-16,21.190235137939453,21.51163263653256,21.003120374446876,21.03393919763389,288618000
2014-10-17,21.50061798095703,21.79339838250896,21.311301456607612,21.463195376713372,272718800
2014-10-20,21.9606990814209,22.004725471792778,21.621690501160188,21.64370369634613,310069200
2014-10-21,22.55727195739746,22.678345404940913,22.29310850189431,22.678345404940913,378495600
2014-10-22,22.67173194885254,22.9182840663317,22.585879324270284,22.63871132105193,273052400
2014-10-23,23.076786041259766,23.125216080469,22.81262264907282,22.91168455095513,284298800
2014-10-24,23.162635803222656,23.222071593366035,23.010741913579906,23.153830189960857,188215600
2014-10-27,23.138423919677734,23.219874593753907,23.048167631147443,23.08118826547558,136750800
2014-10-28,23.49724769592285,23.49724769592285,23.19125968196921,23.20226712169396,192243600
2014-10-29,23.629322052001953,23.635927521712993,23.413590400747626,23.477429838628733,210751600
2014-10-30,23.550079345703125,23.631528346393623,23.312332776094383,23.545675698395915,162619200
2014-10-31,23.774612426757812,23.78341804030761,23.600705338022195,23.776814250020024,178557200
2014-11-03,24.082799911499023,24.28092199893481,23.776812007375543,23.82304021452741,209130400
2014-11-04,23.906694412231445,24.102614704444598,23.712975943385615,24.07399771866597,166297600
2014-11-05,23.96392822265625,24.060788289389066,23.803228719167628,24.016760222920055,149743600
2014-11-06,24.032470703125,24.052369670628885,23.833491148778272,24.010362051173367,139874000
2014-11-07,24.101003646850586,24.169540956673274,23.99930252406216,24.043519816828745,134766000
2014-11-10,24.061214447021484,24.171759398056096,24.025839253035006,24.103220381402817,108782000
2014-11-11,24.253557205200195,24.264612373021347,23.966141396449878,24.032467343031435,109769200
2014-11-12,24.59624671936035,24.6360429612989,24.18059839327686,24.182808077375512,187769600
2014-11-13,24.943361282348633,25.08264730558386,24.673631347095846,24.717850337094166,238091600
2014-11-14,25.24403953552246,25.246250906355943,24.58740240086149,25.016317256343843,176254400
2014-11-17,25.202043533325195,25.9294296887043,25.049492611174376,25.263948450926396,186986800
2014-11-18,25.52925682067871,25.57789687961019,25.179934294518507,25.19098946674201,176896000
2014-11-19,25.352380752563477,25.58894689978137,25.16003360146897,25.522620935769627,167476800
2014-11-20,25.714962005615234,25.836562107719953,25.392171000770325,25.405437539861094,173582000
2014-11-21,25.750333786010742,25.993532271250267,25.65305371720229,25.980267420696972,228717200
2014-11-24,26.227893829345703,26.258846279930598,25.783504351613146,25.83435408323888,189803200
2014-11-25,26.000167846679688,26.475511394883647,25.96700402949675,26.325170218865228,275361600
2014-11-26,26.309694290161133,26.33180293960322,26.05101954944685,26.075339569867698,163073200
2014-11-28,26.29421043395996,26.398122911633166,26.099652013853138,26.369380157598503,99257600
2014-12-01,25.440811157226562,26.36496687707671,24.600668980351216,26.26768679495085,335256000
2014-12-02,25.34352684020996,25.59114805934302,24.92787856320454,25.09369593723916,237395600
2014-12-03,25.63094711303711,25.723804447872546,25.449653498309086,25.59115087142453,172253600
2014-12-04,25.533662796020508,25.911726185162937,25.489445506808387,25.595567675630058,168178000
2014-12-05,25.425334930419922,25.66411239372455,25.345742442651712,25.64421342839158,153275600
2014-12-08,24.850507736206055,25.34796006403,24.678057865778914,25.22635993140458,230659600
2014-12-09,25.230770111083984,25.27056634496509,24.176170756625464,24.361887076997746,240832000
2014-12-10,24.75101089477539,25.392171871269916,24.660364922920373,25.294893473033053,178261200
2014-12-11,24.678050994873047,25.160026961332285,24.616144416638445,24.81954837156,165606800
2014-12-12,24.26019287109375,24.733325071482163,24.227029052288938,24.421587536211593,224112400
2014-12-15,23.92855453491211,24.673626228923496,23.51290454905818,24.474645032161686,268872400
2014-12-16,23.601346969604492,24.355264342879106,23.493013390239717,23.51733341433129,243162800
2014-12-17,24.189449310302734,24.28451635798088,23.61682553200901,23.683153183691054,213647200
2014-12-18,24.90577507019043,24.90577507019043,24.46580668569096,24.733325235400784,236024800
2014-12-19,24.71342658996582,25.03621761331136,24.6868968838274,24.819550474865277,353719200
2014-12-22,24.96989631652832,25.09149476149118,24.755438822422732,24.79744644734963,180670000
2014-12-23,24.881460189819336,25.05612143177515,24.863772591113932,25.034012776784518,104113600
2014-12-24,24.7642765045166,24.919038736888528,24.7642765045166,24.89029766138569,57918400
2014-12-26,25.202043533325195,25.31922093975354,24.764286366412417,24.78418365273459,134884000
2014-12-29,25.184349060058594,25.374484805167228,25.137918700854364,25.15781766719645,110395600
2014-12-30,24.877038955688477,25.18656520467863,24.78639295869401,25.12466029223707,119526000
2014-12-31,24.40390396118164,25.011901221221176,24.36631908084328,24.94336388804156,165613600
2015-01-02,24.171756744384766,24.638256521479203,23.733998044162465,24.627201352876586,212818400
2015-01-05,23.49079132080078,24.02140717975631,23.305076697896073,23.941814716573916,257142000
2015-01-06,23.493011474609375,23.751686233274114,23.132633885246175,23.55491637205578,263188400
2015-01-07,23.822437286376953,23.921927069008603,23.590292211193614,23.70083716379861,160423600
2015-01-08,24.73774528503418,24.795229123220967,24.03246806379357,24.14964711115405,237458000
2015-01-09,24.7642765045166,25.038427467624796,24.366314068729043,24.91019493978416,214798000
2015-01-12,24.15406608581543,24.901349170748446,24.05457632813802,24.894716745140844,198603200
2015-01-13,24.368528366088867,24.93894069695725,24.078901144962483,24.636046935190233,268367600
2015-01-14,24.275672912597656,24.428223804239163,23.98825535346539,24.107644107868847,195826400
2015-01-15,23.61682891845703,24.33315990014041,23.58145540279467,24.319895042614835,240056000
2015-01-16,23.433317184448242,23.784850989909902,23.25865596732707,23.66325087457807,314053200
2015-01-20,24.036890029907227,24.092162495323024,23.546070267129856,23.842329872103278,199599600
2015-01-21,24.22039794921875,24.55424246622366,23.93740147516654,24.087742666751595,194303600
2015-01-22,24.850507736206055,24.865983963378177,24.257986673815576,24.377375434907194,215185600
2015-01-23,24.978729248046875,25.148967671640268,24.65814798873508,24.828388099109983,185859200
2015-01-26,25.005266189575195,25.283839922916894,24.938940234729454,25.14676358405117,222460000
2015-01-27,24.12974739074707,24.868188406556055,24.10542737099762,24.85492186783158,382274800
2015-01-28,25.493873596191406,26.115137307785997,25.493873596191406,26.006802051792118,585908400
2015-01-29,26.28758430480957,26.351700565680584,25.549143306141485,25.717172069569596,337745600
2015-01-30,25.90288734436035,26.530781701644056,25.834348344619567,26.177038282978472,334982000
2015-02-02,26.227893829345703,26.347282575936884,25.66411560502197,26.09966297125774,250956400
2015-02-03,26.23231315612793,26.32959155096424,26.002379491164405,26.199149338596126,207662800
2015-02-04,26.433507919311523,26.643544336500607,26.157145544153845,26.199153164948076,280598800
2015-02-05,26.622180938720703,26.68655026245267,26.46902628248122,26.639936650470712,168984800
2015-02-06,26.397985458374023,26.690975727100287,26.291442772728775,26.639923635482273,174826400
2015-02-09,26.573341369628906,26.599975776404712,26.287009642716814,26.313645742931502,155559200
2015-02-10,27.0838565826416,27.11271278406764,26.6710079961241,26.673226401280676,248034000
2015-02-11,27.71866798400879,27.727546684528846,27.190398003857585,27.250327115569267,294247200
2015-02-12,28.069366455078125,28.295769063940448,27.871820043614445,27.980581151474055,297898000
2015-02-13,28.206985473632812,28.251377281411806,27.88957913704015,28.251377281411806,217088800
2015-02-17,28.37346076965332,28.60652202264807,28.17147412459932,28.29799265505498,252609600
2015-02-18,28.57100486755371,28.584322071736178,28.289111627138954,28.329064933125338,179566800
2015-02-19,28.511075973510742,28.639814600703073,28.484441563359987,28.517734576048433,149449600
2015-02-20,28.74413299560547,28.74413299560547,28.42228816839701,28.548804984884658,195793600
2015-02-23,29.52100372314453,29.52100372314453,28.7796500064065,28.859556618124714,283896400
2015-02-24,29.336772918701172,29.654180943439172,29.114810496630156,29.507684932021636,276912400
2015-02-25,28.5865421295166,29.21025945210493,28.44448629856083,29.20137905755122,298846800
2015-02-26,28.948339462280273,29.048221877535564,28.1026631532394,28.586539620727553,365150000
2015-02-27,28.513296127319336,28.98163700453715,28.464464120263223,28.855116789834128,248059200
2015-03-02,28.65312385559082,28.917259639225204,28.477775059287502,28.68863865052325,192386800
2015-03-03,28.71306037902832,28.74857518104854,28.43116714166947,28.624276760855707,151265200
2015-03-04,28.531049728393555,28.75745235902055,28.48222110892298,28.65535153620305,126665200
2015-03-05,28.058269500732422,28.577660735422672,27.9139935932833,28.539927531556557,226068400
2015-03-06,28.100444793701172,28.715280012385133,28.024978376338545,28.499976172884985,291368400
2015-03-09,28.22030258178711,28.759673035766372,27.758620331316582,28.402311702567367,354114000
2015-03-10,27.63654327392578,28.238061269952983,27.478950148186314,28.058272239386927,275426400
2015-03-11,27.132686614990234,27.694251284612303,27.103832109104772,27.689812781183356,275756000
2015-03-12,27.623226165771484,27.723110284120327,26.997292125853967,27.148226659267223,193450800
2015-03-13,27.432336807250977,27.83408997021748,27.208155964901504,27.612127532964454,207309200
2015-03-16,27.734207153320312,27.734207153320312,27.27252654927481,27.496707402099535,143497200
2015-03-17,28.198101043701172,28.26025023933898,27.88957347004308,27.945064065210914,204092400
2015-03-18,28.515504837036133,28.668659408286466,28.049384216832397,28.18921989486199,261083600
2015-03-19,28.300212860107422,28.68864715426576,28.27801695341477,28.577665927363377,183238000
2015-03-20,27.945072174072266,28.499976593329478,27.780820438877107,28.46668358131895,274780400
2015-03-23,28.235837936401367,28.3778937431427,28.082683331798854,28.2158621323778,150838800
2015-03-24,28.120420455932617,28.420067700654457,28.091564256583325,28.24028036988471,131369200
2015-03-25,27.385726928710938,28.149278311362963,27.385726928710938,28.08712909527531,206620800
2015-03-26,27.576610565185547,27.718666378399934,27.212592332143824,27.248107132166854,190291600
2015-03-27,27.356870651245117,27.67871551094298,27.2814042347131,27.649861003464096,158184800
2015-03-30,28.049394607543945,28.056053209901737,27.523343006570627,27.534441806126317,188398800
2015-03-31,27.618785858154297,28.07602793240956,27.603248555439965,27.98724261971094,168362400
2015-04-01,27.57883644104004,27.771944396382022,27.323579266076973,27.70535497910845,162485600
2015-04-02,27.816328048706055,27.869598550827494,27.565511145005495,27.751958749149896,128880400
2015-04-06,28.26691436767578,28.302429168378975,27.59658859207262,27.627663195968463,148776000
2015-04-07,27.969491958618164,28.437831223066524,27.962833355316143,28.33129018335556,140049200
2015-04-08,27.87848472595215,28.05605537189241,27.73864898534564,27.93397534112858,149316800
2015-04-09,28.091564178466797,28.096004375326153,27.669836922529743,27.93397105873809,129936000
2015-04-10,28.211423873901367,28.23583987612223,27.80301382482314,27.956166746508018,160752000
2015-04-13,28.155933380126953,28.5377107169746,28.102662872086338,28.49331552230274,145460400
2015-04-14,28.03386116027832,28.253603535506244,27.947295930841886,28.189234214795178,102098400
2015-04-15,28.140396118164062,28.218082628633795,27.96948579513065,28.05827110428417,115881600
2015-04-16,28.0049991607666,28.21142428673899,27.99168195697449,28.02941516334476,113476000
2015-04-17,27.6898136138916,27.99834126136886,27.625444304883104,27.867384238290143,207828000
2015-04-20,28.322410583496094,28.43783032176477,27.783041718415994,27.87182704432072,188217200
2015-04-21,28.169248580932617,28.455578582478893,28.1159763864433,28.433384374933052,129740400
2015-04-22,28.548810958862305,28.604301574712608,28.038298309103048,28.18701275315645,150618000
2015-04-23,28.78186798095703,28.948339803973433,28.442265732953803,28.477780534714668,183083600
2015-04-24,28.91727066040039,28.994958880564557,28.68420938678644,28.9638842698746,178103600
2015-04-27,29.443315505981445,29.54985991281968,29.110371855087372,29.367849091296165,387816800
2015-04-28,28.979413986206055,29.862823499138404,28.759673350630607,29.845069485394777,475696000
2015-04-29,28.553247451782227,29.20803595648382,28.477781036868112,28.89063130070376,253544400
2015-04-30,27.778596878051758,28.55324524066379,27.65207836786332,28.55324524066379,332781600
2015-05-01,28.622051239013672,28.88396863618329,27.811889821412436,27.989458728056526,234050400
2015-05-04,28.56656837463379,28.981640484449706,28.468904348794748,28.74413902280673,203953200
2015-05-05,27.922876358032227,28.511075484630258,27.918436160790506,28.444486073516973,197085600
2015-05-06,27.747522354125977,28.133736487363592,27.381284025661873,28.091563086034366,288564000
2015-05-07,27.91914939880371,28.101918787246415,27.642765093929334,27.809932279718854,175763600
2015-05-08,28.445171356201172,28.445171356201172,28.108607584152075,28.235654588095912,222201600
2015-05-11,28.155414581298828,28.431797212859163,28.00162021107372,28.393906388474424,168143200
2015-05-12,28.05512046813965,28.280237787144483,27.821085658683987,27.994939311187938,192640000
2015-05-13,28.086320877075195,28.349330690934128,28.0551164669998,28.117525287150592,138776800
2015-05-14,28.741613388061523,28.741613388061523,28.342642498454563,28.398364898742013,180814000
2015-05-15,28.70149803161621,28.861978834078926,28.57668038548427,28.76836559947997,152832000
2015-05-18,29.01799964904785,29.136130873437025,28.610111243675085,28.614569988281932,203531600
2015-05-19,28.991249084472656,29.17178909874721,28.895404797262362,29.129439534702552,178532800
2015-05-20,28.989017486572266,29.194075486786016,28.828536721009336,28.97564465627952,145819600
2015-05-21,29.285457611083984,29.338952327037514,28.93775045994756,28.991245175901085,158921600
2015-05-22,29.541776657104492,29.637620923041904,29.28768273025839,29.332263356847495,182384000
2015-05-26,28.890945434570312,29.62425403610724,28.779500647797832,29.5551588124723,282790400
2015-05-27,29.430334091186523,29.479370063278186,28.986786072299996,29.05142254404379,183332800
2015-05-28,29.37238883972168,29.410279660533305,29.220825556475184,29.390220414402172,122933200
2015-05-29,29.038055419921875,29.298835831261886,28.95335628766564,29.249799849537247,203538000
2015-06-01,29.096012115478516,29.285469669930134,28.986798368511394,29.038062033435267,128451200
2015-06-02,28.96673583984375,29.12275789002009,28.824086622393153,28.944445517950438,134670400
2015-06-03,29.002395629882812,29.185166746765926,28.953359642476396,29.122757926616966,123934000
2015-06-04,28.832998275756836,29.104923854969762,28.73269863775788,28.88203425896083,153800400
2015-06-05,28.674745559692383,28.90655264729735,28.61010907241382,28.86420307931036,142507200
2015-06-08,28.485286712646484,28.799561811409987,28.26908356535739,28.730463190307695,210699200
2015-06-09,28.400596618652344,28.547704592626324,27.99939629970257,28.240115810867255,224301600
2015-06-10,28.72601318359375,28.828540496615886,28.496435463588547,28.51203766781097,156349200
2015-06-11,28.66136932373047,29.015762927910345,28.636851334704033,28.79287335531546,141563600
2015-06-12,28.344873428344727,28.603426211645274,28.331500594902593,28.57222179993837,147544800
2015-06-15,28.289140701293945,28.360465287819732,28.01944455535231,28.1063713420396,175955600
2015-06-16,28.44071388244629,28.496436284919938,28.166560614563103,28.31366687282689,125976400
2015-06-17,28.37384605407715,28.503120726470296,28.24902672483484,28.46745927562439,131672400
2015-06-18,28.503122329711914,28.598964928738177,28.356016073365065,28.358245445578536,141628800
2015-06-19,28.21782112121582,28.489746687000903,28.17324388442035,28.465228696609618,218867600
2015-06-22,28.44293975830078,28.543239390218766,28.32480855166014,28.41619239621679,136157200
2015-06-23,28.313663482666016,28.442939849048923,28.280229705082498,28.413964815416577,121075600
2015-06-24,28.55438995361328,28.9310739634842,28.3337297013251,28.35378895129999,221123600
2015-06-25,28.418420791625977,28.797332388642655,28.418420791625977,28.72155074944432,127752400
2015-06-26,28.25124740600586,28.527629941960665,28.197754395936702,28.456305361697744,176267200
2015-06-29,27.756441116333008,28.18884747671424,27.745297656841196,27.963728508622573,196645600
2015-06-30,27.957040786743164,28.11083514495422,27.829993790985686,27.98824519268271,177482800
2015-07-01,28.21782112121582,28.29360446438322,28.081858338323283,28.284688676921608,120955200
2015-07-02,28.18216323852539,28.23788564182807,28.032825905284497,28.1799338662497,108844000
2015-07-06,28.084087371826172,28.135352723984397,27.827764012060165,27.847824958735146,112241600
2015-07-07,28.01499366760254,28.117522676977106,27.587044353914475,28.059570906282733,187787200
2015-07-08,27.319580078125,27.780961513755635,27.312893661748337,27.745300059575833,243046400
2015-07-09,26.762353897094727,27.651682914753206,26.57289807936976,27.604876303351464,314380000
2015-07-10,27.477827072143555,27.604874064361603,27.016445710876685,27.179155852039294,245418000
2015-07-13,28.008312225341797,28.03060084863973,27.70963923150807,27.86789066759022,165762000
2015-07-14,27.99715805053711,28.166554593992238,27.87011106807386,28.093000630326042,127072400
2015-07-15,28.2668514251709,28.340405381572918,27.990468871417168,28.02167327100974,134596800
2015-07-16,28.64354133605957,28.656917568950988,28.384990283744607,28.47191709189912,144889600
2015-07-17,28.890945434570312,28.890945434570312,28.59896063739041,28.770586561307027,184658800
2015-07-20,29.437030792236328,29.6376300696983,29.131669730778206,29.19185087442694,235600800
2015-07-21,29.142820358276367,29.62649046776288,29.046979445804723,29.6108899615348,307025600
2015-07-22,27.910234451293945,27.972643263784516,27.190300334606057,27.190300334606057,461802400
2015-07-23,27.896860122680664,28.32703537147196,27.87456980469121,28.128663785055895,203998000
2015-07-24,27.749755859375,28.0261384937987,27.616022436299836,27.93252526769736,168649200
2015-07-27,27.364158630371094,27.551386800440692,27.21928173391012,27.435483242656442,177822000
2015-07-28,27.500118255615234,27.618251172130954,27.315121179871685,27.500118255615234,134472400
2015-07-29,27.41319465637207,27.526868841903298,27.252713853389842,27.448857812818297,148046800
2015-07-30,27.275005340576172,27.319582587523705,27.12789736472597,27.263860178582807,134513200
2015-07-31,27.03650665283203,27.335177872887087,26.94957985293466,27.326262085652413,171540000
2015-08-03,26.399045944213867,27.3195794210381,26.193986210689026,27.081087606434046,279904000
2015-08-04,25.552066802978516,26.234108520096658,25.242250356280216,26.171699696375118,496554400
2015-08-05,25.721467971801758,26.176163097602217,24.985931388783587,25.175387266072143,397250400
2015-08-06,25.777433395385742,26.084174951835017,25.55129714288187,25.96550902150507,211612000
2015-08-07,25.86475944519043,26.028206136412283,25.636383678444787,25.65429597220807,154681600
2015-08-10,26.805131912231445,26.86558376287846,26.090895064834488,26.090895064834488,219806400
2015-08-11,25.410240173339844,26.460324680282355,25.374417301768855,26.37748162069634,388331200
2015-08-12,25.802061080932617,25.84236287679192,24.545990436229246,25.195296388091382,404870000
2015-08-13,25.78191566467285,26.061788822760462,25.645337426869283,25.981185216574417,194143200
2015-08-14,25.963268280029297,26.041632408633568,25.526666914798433,25.596074898960804,171718000
2015-08-17,26.231945037841797,26.34165480763774,25.860272765172244,25.98117814152705,163538800
2015-08-18,26.08417510986328,26.29464024535976,25.97446532375149,26.068502283275883,138242800
2015-08-19,25.750564575195312,26.088650048930123,25.676677667077175,25.994613097621496,193146000
2015-08-20,25.222169876098633,25.602796695775712,24.9937924177242,25.542344843976736,274006400
2015-08-21,23.67950439453125,25.054240964055126,23.654875424376108,24.72510991580904,513102000
2015-08-24,23.088409423828125,24.360152723677036,20.598657975332465,21.241247159735813,648825200
2015-08-25,23.227222442626953,24.87735447195696,23.17348729820512,24.87735447195696,414406400
2015-08-26,24.559425354003906,24.604204367697577,23.520536520779867,23.97728792672692,387098400
2015-08-27,25.282617568969727,25.354265018824652,24.633311593791372,25.1281287694697,338464400
2015-08-28,25.365461349487305,25.36993856788894,24.97363897325923,25.114694413745738,212657600
2015-08-31,25.246795654296875,25.64309525264471,25.076632313868252,25.08334899563872,224917200
2015-09-01,24.118350982666016,25.049768020045622,24.037747371674186,24.66242450275572,307383600
2015-09-02,25.15276336669922,25.15276336669922,24.43404919533486,24.680338977474737,247555200
2015-09-03,24.711681365966797,25.251275934886365,24.63779444111156,25.18634515621451,212935600
2015-09-04,24.46538734436035,24.729587631900316,24.29522572121998,24.398218822029126,199985200
2015-09-08,25.146041870117188,25.202016499305916,24.700484300073743,25.020659247361674,219374400
2015-09-09,24.662418365478516,25.52890440569898,24.577335848265434,25.470692029743567,340043200
2015-09-10,25.204246520996094,25.363214203355902,24.60643811517623,24.689279442087834,251571200
2015-09-11,25.571441650390625,25.571441650390625,25.022891133729885,25.029607813885058,199662000
2015-09-14,25.817739486694336,26.17149958145058,25.716985829374895,26.10209158232875,233453600
2015-09-15,26.0349178314209,26.090892457549067,25.61846647637051,25.956553696483464,173364800
2015-09-16,26.064029693603516,26.093135888660495,25.846847837887562,26.028205107493125,148694000
2015-09-17,25.506513595581055,26.081932601991664,25.46173458433275,25.896098167922393,256450400
2015-09-18,25.401281356811523,25.591596427514062,25.047523063835897,25.123647725549066,297141200
2015-09-21,25.795337677001953,25.831162245411523,25.448296138633808,25.450533893002323,200888000
2015-09-22,25.390087127685547,25.56472766295323,25.193055378596025,25.385608201637265,201384800
2015-09-23,25.596073150634766,25.685632880726555,25.367697461699983,25.441582658931672,143026800
2015-09-24,25.748329162597656,25.86027841982634,25.159476684530407,25.356506762297254,200878000
2015-09-25,25.683393478393555,26.126713203879884,25.528902986325477,26.0707385859665,224607600
2015-09-28,25.175148010253906,25.65205120264022,25.175148010253906,25.49084400853499,208436000
2015-09-29,24.418373107910156,25.41472259022389,24.14969555549422,25.262471521665464,293461600
2015-09-30,24.69601058959961,24.973644311516768,24.344489936686728,24.666902685032007,265892000
2015-10-01,24.53479766845703,24.543753813306612,24.02654712455552,24.420608956887314,255716400
2015-10-02,24.713916778564453,24.854973932318234,24.08028529710069,24.18327840613088,232079200
2015-10-05,24.803470611572266,24.935571588504242,24.420604457890203,24.60196166010548,208258800
2015-10-06,24.922136306762695,25.01841271007408,24.577332483466336,24.769885290089103,192787200
2015-10-07,24.803470611572266,25.025129604080902,24.49673082098194,25.018412923733617,187062400
2015-10-08,24.51688575744629,24.671376269120408,24.228056487373365,24.671376269120408,247918400
2015-10-09,25.103500366210938,25.139323237843644,24.51464621956909,24.628834932555186,211064400
2015-10-12,24.987075805664062,25.24455945885989,24.95125292884764,25.240082239836674,121868800
2015-10-13,25.029617309570312,25.17738945367442,24.781089800285447,24.812435458374505,132197200
2015-10-14,24.675851821899414,24.969158290563232,24.530317465036724,24.917662595621124,177849600
2015-10-15,25.0452823638916,25.099017517047702,24.738540852714827,24.83705672367578,150694000
2015-10-16,24.86168670654297,25.076629036153395,24.747498006740315,25.02737109866167,156930400
2015-10-19,25.01618194580078,25.0206591645086,24.653465734903268,24.80795625757982,119036800
2015-10-20,25.472932815551758,25.562492561490735,24.812432892145672,24.928859366119294,195871200
2015-10-21,25.47069549560547,25.87819072379164,25.45726042314849,25.524430660803066,167180800
2015-10-22,25.860273361206055,25.860273361206055,25.546815160640392,25.598312560504443,166616400
2015-10-23,26.661832809448242,26.695417924855107,26.046111957092148,26.128953305791157,237467600
2015-10-26,25.811016082763672,26.44912639877976,25.730412494613237,26.437932499887086,265335200
2015-10-27,25.647573471069336,26.093131001043727,25.522189151379532,25.837886851554078,279537600
2015-10-28,26.704370498657227,26.71108888783793,25.9856565952047,26.1804488844097,342205600
2015-10-29,26.986480712890625,27.022305285903467,26.480469722447047,26.57674612715698,204909200
2015-10-30,26.755868911743164,27.14097457859815,26.74467330422836,27.089477175523875,197461200
2015-11-02,27.13201904296875,27.172320839432444,26.7804984825615,27.046938231860914,128813200
2015-11-03,27.443239212036133,27.64922542308177,27.024548400015334,27.04470015338393,182076000
2015-11-04,27.315616607666016,27.723111803484766,27.23053579384363,27.568621294076515,179544400
2015-11-05,27.189701080322266,27.587698829312192,27.02330742318824,27.398818105506212,158210800
2015-11-06,27.221174240112305,27.389816905665,27.12223837620962,27.232417770691246,132169200
2015-11-09,27.110992431640625,27.389814466848353,26.994067615431497,27.19868647267791,135485600
2015-11-10,26.25653648376465,26.548851106859324,26.09688830871263,26.2857689753872,236511600
2015-11-11,26.10813331604004,26.402695289372794,25.9057617744091,26.166596587071624,180872000
2015-11-12,26.020437240600586,26.267779454208373,26.004697328339777,26.141860156121886,130102400
2015-11-13,25.26042938232422,25.98671809838475,25.24468946416922,25.903520407838368,183249600
2015-11-16,25.67416000366211,25.687650868218494,24.959115018300725,25.044560019694394,152426800
2015-11-17,25.563976287841797,25.86978174661462,25.48077863424922,25.840549257652057,110467600
2015-11-18,26.37346839904785,26.418439096918082,25.97097430567729,26.02943758532632,186698800
2015-11-19,26.70850372314453,26.92661520218859,26.254293515899754,26.4521669807997,173183200
2015-11-20,26.825428009033203,26.9648381846964,26.724241377915583,26.802940947325766,137148400
2015-11-23,26.476898193359375,26.92211558023021,26.38470604711246,26.818679903531073,129930000
2015-11-24,26.730981826782227,26.836664821225764,26.33523500423496,26.382454737077932,171212800
2015-11-25,26.53985595703125,26.80968522897599,26.515121564214937,26.80518713090661,85553200
2015-11-27,26.49039077758789,26.62530628968746,26.44317103456184,26.598322844163146,52185600
2015-11-30,26.600570678710938,26.850161962966027,26.47689870344151,26.53086387650366,156721200
2015-12-01,26.38471221923828,26.715252191802236,26.27678184994533,26.70176132452119,139409600
2015-12-02,26.1463623046875,26.557850878778513,26.101391607031257,26.38471009020546,133546400
2015-12-03,25.90351676940918,26.261040168029606,25.683157946190956,26.207074987009943,166278000
2015-12-04,26.764720916748047,26.81418971733487,25.883282136088045,25.92375645333888,231108000
2015-12-07,26.596073150634766,26.951347454917414,26.49039013596013,26.7534740057645,128336800
2015-12-08,26.584829330444336,26.668025277025105,26.27677479127488,26.42517943806766,137238000
2015-12-09,25.997953414916992,26.463407093835222,25.876530492305037,26.452163563483015,185445600
2015-12-10,26.121625900268555,26.294766675544988,25.9732212369822,26.092395120589035,116850800
2015-12-11,25.449302673339844,25.946236190364907,25.375099488513708,25.901265498936777,187544800
2015-12-14,25.291906356811523,25.336877053252007,24.687040711210994,25.22444859662869,257274800
2015-12-15,24.844440460205078,25.363861108818906,24.812960628837228,25.170484021546596,213292400
2015-12-16,25.035564422607422,25.181721739036185,24.464429451891355,24.974853819286913,224954000
2015-12-17,24.50490951538086,25.240190937528507,24.50490951538086,25.188473087681945,179091200
2015-12-18,23.841575622558594,24.626325683386437,23.79210683258561,24.489164559627596,385813200
2015-12-21,24.133892059326172,24.14288654140147,23.73814342562327,24.12264852785154,190362400
2015-12-22,24.111404418945312,24.221583811726266,23.936014608439336,24.149629677488637,131157600
2015-12-23,24.421709060668945,24.475674238564384,24.10465999504882,24.120399910081744,130629600
2015-12-24,24.291292190551758,24.509403672024874,24.27330322567267,24.509403672024874,54281600
2015-12-28,24.019216537475586,24.21484267881665,23.87530824345073,24.192355614013493,106816800
2015-12-29,24.450937271118164,24.606089071221,24.02820694358233,24.05069228904836,123724800
2015-12-30,24.131635665893555,24.441937483207315,24.100155845971354,24.41495576071487,100855200
2015-12-31,23.66843605041504,24.06643197959664,23.569498472654285,24.061935596753823,163649200
2016-01-04,23.68867301940918,23.69317111790165,22.935402780981335,23.072565621128955,270597600
2016-01-05,23.095048904418945,23.80109933875041,23.027592872753676,23.77861399486199,223164000
2016-01-06,22.643083572387695,23.018595806788426,22.4564536951053,22.611603751375167,273829600
2016-01-07,21.68744659423828,22.514920027214217,21.68295021121818,22.188878219315704,324377600
2016-01-08,21.8021183013916,22.285560834992975,21.75714762104233,22.159641557597823,283192000
2016-01-11,22.1551513671875,22.2743252566143,21.88757109170476,22.254088957891458,198957600
2016-01-12,22.47669219970703,22.640838467302366,22.224851891300492,22.609358643191765,196616800
2016-01-13,21.898807525634766,22.75326420443945,21.878571233470993,22.557638135915223,249758400
2016-01-14,22.37775421142578,22.593618309183817,21.527795545269733,22.026978054731973,252680400
2016-01-15,21.840343475341797,21.97076084963155,21.442347637517226,21.63122655295357,319335600
2016-01-19,21.734668731689453,22.18213348140118,21.473833904788066,22.12816830586096,212350800
2016-01-20,21.76390266418457,22.078702712234268,21.006134185406925,21.383893899962114,289337600
2016-01-21,21.653724670410156,22.00899734267794,21.347919085416407,21.824614714860154,208646000
2016-01-22,22.804990768432617,22.813985252023617,22.119178120961536,22.177639691019543,263202000
2016-01-25,22.35976791381836,22.82971795312473,22.308050078398306,22.827468904057305,207178000
2016-01-26,22.483448028564453,22.683570595322355,22.051723056380386,22.469957159284498,300308000
2016-01-27,21.00613021850586,21.72792062838977,20.988141255609346,21.595255886952298,533478800
2016-01-28,21.156780242919922,21.2534687572687,20.774524283227525,21.08932421707389,222715200
2016-01-29,21.8875675201416,21.8875675201416,21.21524594021095,21.314183514770498,257666000
2016-02-01,21.68295669555664,21.745916369797946,21.4513543015165,21.69195117980861,163774000
2016-02-02,21.24448013305664,21.595256339276258,21.19950772487338,21.455844447191097,149428800
2016-02-03,21.664966583251953,21.77514600735732,21.154542066438523,21.36141004674479,183857200
2016-02-04,21.839040756225586,22.004077747075282,21.520273040791043,21.671744236953774,185886800
2016-02-05,21.255762100219727,21.911385847563288,21.181157989441367,21.82095468847609,185672400
2016-02-08,21.479576110839844,21.635568066922946,21.034204147813604,21.05455024976029,216085600
2016-02-09,21.475059509277344,21.689833751804365,21.23541837692217,21.316806256746773,177324800
2016-02-10,21.31228256225586,21.78252323619257,21.27384987804408,21.685310036530954,169374400
2016-02-11,21.18341636657715,21.414015895957743,20.93247073304399,21.20376419556052,200298800
2016-02-12,21.248973846435547,21.36427358364902,21.027419382584206,21.29419027516161,161405600
2016-02-16,21.84808349609375,21.8955594642295,21.389147412617355,21.481838095692634,196231600
2016-02-17,22.182674407958984,22.2030205087076,21.737302471158245,21.854861744532556,179452800
2016-02-18,21.762170791625977,22.356752633930416,21.72373639377709,22.34544809488713,156084000
2016-02-19,21.71244239807129,21.875218167355253,21.658184383253698,21.703399108129826,141496800
2016-02-22,21.902339935302734,21.906862441372297,21.685306214392327,21.77347610961122,137123200
2016-02-23,21.40723419189453,21.816433057926353,21.375583546170017,21.79382570024182,127770400
2016-02-24,21.72600746154785,21.789308769194246,21.097513443013995,21.246725146607297,145022800
2016-02-25,21.875207901000977,21.875207901000977,21.533831196456354,21.714693460741945,110330800
2016-02-26,21.90912437438965,22.16006827445675,21.83451854540256,21.974685190956883,115964400
2016-02-29,21.85938835144043,22.207547180937677,21.850345063356375,21.897821032174523,140865200
2016-03-01,22.727519989013672,22.781777984759973,22.024420397887784,22.076418865566318,201628400
2016-03-02,22.777263641357422,22.80891429155744,22.526317968463673,22.72300563027612,132678400
2016-03-03,22.946819305419922,22.994295276313494,22.709437726121145,22.738828844886864,147822800
2016-03-04,23.28819465637207,23.455491170685054,22.917428476094212,23.143505499426116,184220400
2016-03-07,23.03046417236328,23.24749788125057,22.824733278362373,23.14802345119909,143315600
2016-03-08,22.840560913085938,23.00559789558876,22.698133012307633,22.784041658436184,126247600
2016-03-09,22.860912322998047,22.964907560865505,22.668745447219944,22.903865790375907,108806800
2016-03-10,22.87221908569336,23.114121506219018,22.64162120975065,22.92647882989392,134054400
2016-03-11,23.118635177612305,23.123155958818757,22.946816169645622,23.114112671575178,109632800
2016-03-14,23.177417755126953,23.26558938899134,23.010121225785447,23.039512345350563,100304400
2016-03-15,23.643131256103516,23.778777100707952,23.47809429986728,23.50296290594165,160270800
2016-03-16,23.95737648010254,24.0342418209997,23.645389161606033,23.649911666853146,153214000
2016-03-17,23.9189510345459,24.07042223430001,23.729045427903444,23.855648015777817,137682800
2016-03-18,23.94607162475586,24.077196677899952,23.78103640685929,24.041023535723504,176820800
2016-03-21,23.943819046020508,24.337192594788167,23.76973876722751,23.948339827689416,142010800
2016-03-22,24.126941680908203,24.255805523092,23.785564871854984,23.794608160320802,129777600
2016-03-23,23.993547439575195,24.206060336540062,23.94155070403933,24.07267575641469,102814000
2016-03-24,23.889556884765625,24.020681962615026,23.7132170955071,23.8443421733565,104532000
2016-03-28,23.781042098999023,24.007119117223695,23.751650982738123,23.96416393181516,77645600
2016-03-29,24.34396743774414,24.368836041653328,23.71095125159634,23.71321250417818,124760400
2016-03-30,24.768999099731445,24.9634254854401,24.551965355765457,24.56326989730956,182404400
2016-03-31,24.6401309967041,24.84586188835787,24.615262389474953,24.80516796060386,103553600
2016-04-01,24.866201400756836,24.868462653041366,24.46152348333228,24.592648518552995,103496000
2016-04-04,25.12167739868164,25.36357972486646,24.92951056470371,24.963422460395734,149424800
2016-04-05,24.825517654418945,25.03350982905374,24.737347752331807,24.757695581568516,106314800
2016-04-06,25.085506439208984,25.090028945605624,24.68761039301472,24.92047117717879,105616400
2016-04-07,24.53839874267578,24.963422898290155,24.443446812937044,24.85716642817889,127207600
2016-04-08,24.565523147583008,24.816466984766617,24.454744195999353,24.62204238722884,94326800
2016-04-11,24.646913528442383,25.006376851669792,24.603960071767485,24.635610713456614,117630000
2016-04-12,24.967945098876953,24.981509167293467,24.5655283041007,24.719259012369672,108929200
2016-04-13,25.32967185974121,25.397493937086743,25.049336812084945,25.049336812084945,133029200
2016-04-14,25.343233108520508,25.408795650036424,25.16915456540157,25.234717106917486,101895600
2016-04-15,24.834566116333008,25.38845597990885,24.807437971473433,25.345500784106278,187756000
2016-04-18,24.29875373840332,24.63108543878128,24.17667196639838,24.617521372390872,243286000
2016-04-19,24.16990089416504,24.416324077771723,24.016168414311746,24.38919420785719,129539600
2016-04-20,24.21963119506836,24.436664933233505,23.977728846035568,24.108853935186644,122444000
2016-04-21,23.95737648010254,24.17441016154381,23.85564081000701,24.17441016154381,126210000
2016-04-22,23.891817092895508,24.072679380283482,23.652176028212455,23.740345918985675,134732400
2016-04-25,23.756174087524414,23.88503792216586,23.627310252882967,23.73808751165138,112126400
2016-04-26,23.59113311767578,23.805907289033218,23.491660416832097,23.491660416832097,224064800
2016-04-27,22.11484718322754,22.316055530770424,21.6310426481435,21.703387203160826,458408400
2016-04-28,21.438886642456055,22.12842059645249,21.307761542083796,22.067380553082494,328970800
2016-04-29,21.19245719909668,21.414013414907235,20.91438345891135,21.24897644830206,274126000
2016-05-02,21.169851303100586,21.269325740502186,20.889516290677836,21.244457131151787,192640400
2016-05-03,21.518009185791016,21.644611755356102,21.178893681743983,21.29645296422147,227325200
2016-05-04,21.294198989868164,21.68079055833006,21.210549856114113,21.522535580268162,164102000
2016-05-05,21.207759857177734,21.396546643077752,21.080386476489608,21.380624970491734,143562000
2016-05-06,21.0894832611084,21.25552330073232,20.891598143338758,21.237328344361668,174799600
2016-05-09,21.105405807495117,21.328309216431954,21.05991407635242,21.153170823695866,131745600
2016-05-10,21.24870491027832,21.282823281311984,20.950741389604683,21.22823492885758,134747200
2016-05-11,21.041717529296875,21.282817612473057,21.030344163537556,21.262347636504654,114876400
2016-05-12,20.548145294189453,21.103132306770988,20.35026188929821,21.089485654111517,305258800
2016-05-13,20.589086532592773,20.85065835989076,20.470811496382066,20.470811496382066,177571200
2016-05-16,21.353330612182617,21.46933236491437,20.846110358379693,21.01442543613503,245039200
2016-05-17,21.264631271362305,21.539849850439502,21.155454542394775,21.50573320722016,187667600
2016-05-18,21.507999420166016,21.655844521716993,21.35560601279247,21.417019421056718,168249600
2016-05-19,21.42612075805664,21.52620086154741,21.28282566605792,21.52620086154741,121768400
2016-05-20,21.65812110900879,21.70588613259609,21.49890262838541,21.526197671292028,128104000
2016-05-23,21.93334197998047,22.10620713301069,21.760476826950246,21.805968570027968,152074400
2016-05-24,22.267696380615234,22.31091136245209,22.02659450809115,22.11302794242959,140560800
2016-05-25,22.65891456604004,22.686207870935945,22.31545935166485,22.44283273539829,152675200
2016-05-26,22.838605880737305,22.91139092849649,22.43601222959086,22.672564068641318,225324800
2016-05-27,22.824962615966797,22.85225766575451,22.574764066577586,22.617980794908263,145364800
2016-05-31,22.7135066986084,22.8363317971175,22.476954849850046,22.654368302585688,169228800
2016-06-01,22.395069122314453,22.640719293791147,22.36550079504371,22.52244251404356,116693200
2016-06-02,22.226749420166016,22.25404272110802,21.97882427950708,22.199454383892053,160766400
2016-06-03,22.272249221801758,22.351857610166164,22.16534578514125,22.242680887647182,114019600
2016-06-06,22.433732986450195,23.17523171397771,22.18808458108011,22.28816291833011,93170000
2016-06-07,22.524707794189453,22.715769534493276,22.50878612710843,22.574747815110253,89638000
2016-06-08,22.504257202148438,22.645277307636373,22.445118786922468,22.522452169243845,83392400
2016-06-09,22.665740966796875,22.74307432160156,22.39507075431559,22.404169102292457,106405600
2016-06-10,22.479225158691406,22.597500190611726,22.39961679727079,22.41098842871252,126851600
2016-06-13,22.140317916870117,22.545186514211057,22.085729574943514,22.447381461621003,152082000
2016-06-14,22.16761589050293,22.399619411239556,22.006124128394898,22.13577254221866,127727600
2016-06-15,22.09482765197754,22.383694500789666,22.069807634038472,22.24949606499538,117780800
2016-06-16,22.188081741333008,22.23357173104895,21.851449917306653,21.937881591899696,125307200
2016-06-17,21.683137893676758,21.983376379491627,21.67631456780198,21.976553053616854,244032800
2016-06-20,21.630823135375977,21.965179990517978,21.614901463004077,21.835531591109053,137647600
2016-06-21,21.81505012512207,21.915128412186313,21.535281760394383,21.594420113203636,142185600
2016-06-22,21.733190536499023,22.037977504572826,21.687698778726954,21.892407350368455,116876400
2016-06-23,21.85828399658203,21.901500722807267,21.664948842169895,21.821892333970826,128960800
2016-06-24,21.24415397644043,21.530745828211515,21.073563877703485,21.132702264491982,301245600
2016-06-27,20.934814453125,21.164542909327977,20.811989389471883,21.153169543397652,181958400
2016-06-28,21.287372589111328,21.303296000297614,20.957565702712195,21.130430851504904,161779600
2016-06-29,21.47161293029785,21.505731305833503,21.296472745703422,21.37380784593974,146124000
2016-06-30,21.744548797607422,21.783215466426835,21.44886036298996,21.480703706174424,143345600
2016-07-01,21.810510635375977,21.942434049551338,21.683137261872627,21.719528910588412,104106000
2016-07-05,21.605806350708008,21.699063113797113,21.485256279657133,21.696788093022835,110820800
2016-07-06,21.728628158569336,21.7581982181687,21.4647830545983,21.517096377173566,123796400
2016-07-07,21.821887969970703,21.94926136663653,21.749102923971318,21.767297883971878,100558400
2016-07-08,21.990205764770508,22.037970794387704,21.846910675918924,21.94698904187908,115648400
2016-07-11,22.058435440063477,22.21082882883504,22.001572079895098,22.006120385162472,95179600
2016-07-12,22.158517837524414,22.222204534939202,22.09028283400815,22.101654466928018,96670000
2016-07-13,22.033418655395508,22.21538039343161,22.02659359349505,22.156243739619327,103568800
2016-07-14,22.47012710571289,22.515617102737988,22.135770248048757,22.15169192054076,155676000
2016-07-15,22.46784782409668,22.58612457046146,22.404161146207255,22.499691163041394,120548000
2016-07-18,22.706680297851562,22.774915297565876,22.42691176655933,22.4496567664641,145975600
2016-07-19,22.71578025817871,22.74534858662166,22.595228452990415,22.645268497534165,95119600
2016-07-20,22.736249923706055,22.84997666506233,22.68620987985612,22.74534827125444,105104000
2016-07-21,22.615694046020508,22.972795852733885,22.547457324602394,22.706675762800685,130808000
2016-07-22,22.44055938720703,22.586129464017173,22.360949287264944,22.577031117300013,113254800
2016-07-25,22.140317916870117,22.48149809074257,22.044787884665535,22.34730138864548,161531600
2016-07-26,21.98792266845703,22.283612821681754,21.93105931093935,22.022041030034032,224959200
2016-07-27,23.416330337524414,23.73476549220927,23.37084034485457,23.71656880100854,369379200
2016-07-28,23.73249626159668,23.757516284268405,23.3867677211011,23.389042741889188,159479200
2016-07-29,23.702926635742188,23.780261720313952,23.582376570555798,23.69837832974729,110934800
2016-08-01,24.12144660949707,24.144191614543093,23.74842297367779,23.74842297367779,152671600
2016-08-02,23.76433753967285,24.12598769708519,23.655159118655995,24.121439391570046,135266400
2016-08-03,24.06231117248535,24.073682808742976,23.830307580569162,23.83940593077498,120810400
2016-08-04,24.210948944091797,24.240677448708052,24.076023511408614,24.14462990019436,109634800
2016-08-05,24.579132080078125,24.618008218125887,24.28184006560408,24.30242093466482,162213600
2016-08-08,24.78266716003418,24.78266716003418,24.505957703409404,24.588282941029536,112148800
2016-08-09,24.883283615112305,24.91301386456508,24.70033615226784,24.750647271588278,105260800
2016-08-10,24.698055267333984,24.90387274350845,24.643171188598597,24.860421902779006,96034000
2016-08-11,24.682044982910156,24.910730658006244,24.663749710166492,24.816968693744894,109938000
2016-08-12,24.739213943481445,24.798672701623637,24.6477393335857,24.6477393335857,74641600
2016-08-15,25.0365047454834,25.05022532562946,24.716344499122467,24.730065079268527,103472800
2016-08-16,25.013639450073242,25.208023676966587,24.974763302587895,25.07081087098698,135177600
2016-08-17,24.97703742980957,25.01134061315083,24.775793018064807,24.94959453419009,101424000
2016-08-18,24.945022583007812,25.063938312624963,24.931300262285966,24.979325767713753,87938800
2016-08-19,25.009061813354492,25.084528493542,24.780376172592096,24.87413637804353,101472400
2016-08-22,24.81468391418457,24.9496076294832,24.663750526155635,24.89472355416963,103280800
2016-08-23,24.892431259155273,24.99991378779172,24.81925192504388,24.83297250496072,85030800
2016-08-24,24.704906463623047,24.869560383942947,24.62486684811553,24.82839690386297,94700400
2016-08-25,24.599716186523438,24.670608182261617,24.396186090273154,24.55855269825186,100344800
2016-08-26,24.45564079284668,24.686612013138745,24.311567735430735,24.563123313543393,111065200
2016-08-29,24.42820167541504,24.569987410072283,24.30699855703481,24.38246524216204,99881200
2016-08-30,24.240673065185547,24.355015862662835,24.126330267708255,24.194936644087683,99455600
2016-08-31,24.263545989990234,24.371028519659294,24.158350805240275,24.16292549507847,118649600
2016-09-01,24.407621383666992,24.423629310159114,24.153780160196813,24.272695936319277,106806000
2016-09-02,24.636306762695312,24.698051122819795,24.428201975947808,24.62944472736316,107210000
2016-09-06,24.629436492919922,24.766649237958383,24.585987418741436,24.675174656176917,107521600
2016-09-07,24.780376434326172,24.871851040543895,24.48537174525884,24.659173322599212,169457200
2016-09-08,24.130908966064453,24.531108852664694,24.066877263365704,24.526535907357516,212008000
2016-09-09,23.584352493286133,24.17664928520172,23.584352493286133,23.929668343134992,186228000
2016-09-12,24.11260986328125,24.1766415511706,23.44713393971841,23.474576839413547,181171200
2016-09-13,24.686616897583008,24.878713763901224,24.524250284414737,24.585996391162194,248704800
2016-09-14,25.560192108154297,25.848336490600545,24.835259079485677,24.864989328027217,443554800
2016-09-15,26.4291934967041,26.4657840284791,25.953527052024643,26.038141348204885,359934400
2016-09-16,26.280550003051758,26.557259383053502,26.079307293432148,26.326288172101272,319547600
2016-09-19,25.974111557006836,26.56869378386153,25.89864488826544,26.342295522370065,188092000
2016-09-20,25.971826553344727,26.097604345917137,25.729420347368304,25.852910795148613,138057200
2016-09-21,25.96725082397461,26.06787130250994,25.713409665990444,26.03585545778515,144012800
2016-09-22,26.21194839477539,26.285127728976082,26.070162671440883,26.150202295608366,124296000
2016-09-23,25.775150299072266,26.250816701816174,25.50987594602091,26.166202413095668,209924800
2016-09-26,25.814037322998047,25.930667501061446,25.50988671353312,25.53046758597969,119477600
2016-09-27,25.862056732177734,25.882639345878555,25.690542511846697,25.84147586320979,98429600
2016-09-28,26.058727264404297,26.21652090998505,25.939811502552825,25.999270255845023,118564400
2016-09-29,25.653955459594727,26.024426828753022,25.567055543500654,25.878068157050905,143548000
2016-09-30,25.852907180786133,25.926086501306653,25.56705018738838,25.717981772641426,145516400
2016-10-03,25.731708526611328,25.852913386481216,25.676824459229802,25.7751593583521,86807200
2016-10-04,25.841482162475586,26.141059848699363,25.756867831715706,25.855202745132157,118947200
2016-10-05,25.852907180786133,25.992405533142847,25.77058022710897,25.93294678999098,85812400
2016-10-06,26.045005798339844,26.147913632118165,25.87120423410283,26.001554971097374,115117200
2016-10-07,26.083885192871094,26.19822802011634,25.95810912974117,26.141056606493716,97433600
2016-10-10,26.538969039916992,26.69904828893821,26.234816722043714,26.303421366738682,144944000
2016-10-11,26.596139907836914,27.142698433019806,26.57326994867143,26.916298399358585,256164000
2016-10-12,26.833972930908203,26.9803333498666,26.69904923690448,26.83626027589914,150347200
2016-10-13,26.75164794921875,26.856843138239455,26.46350354336801,26.708197117656685,140769600
2016-10-14,26.90028953552246,27.02377998282595,26.78594672261918,26.9574609419741,142608800
2016-10-17,26.881996154785156,26.948313451257732,26.70590724492482,26.831685037682202,94499600
2016-10-18,26.86370277404785,27.032929661416194,26.859128084135385,27.02606937128049,98214000
2016-10-19,26.78365707397461,26.93001571278874,26.02442098085159,26.8133855727319,80138400
2016-10-20,26.76993751525879,26.843116842219377,26.602997993473434,26.72420109018321,96503200
2016-10-21,26.66474723815918,26.735640978196923,26.591567897760907,26.71277101672682,92770800
2016-10-24,26.904865264892578,26.92544613453879,26.756219253426952,26.779087467944834,94154800
2016-10-25,27.042076110839844,27.06723167005647,26.827111057437026,26.973469723024884,192516000
2016-10-26,26.433767318725586,26.458922873973215,25.91236443674318,26.141050033734246,264536800
2016-10-27,26.179929733276367,26.495515250984237,26.093028083742734,26.388032733760703,138248000
2016-10-28,26.006134033203125,26.346875184613896,25.944387926768172,26.040437231807747,151446800
2016-10-31,25.964963912963867,26.122757539408344,25.88720989966778,25.99011946920089,105677600
2016-11-01,25.49616050720215,26.01756346663362,25.276622510848522,25.94667147935056,175303200
2016-11-02,25.51902198791504,25.692823510110646,25.436696787646007,25.475572915915468,113326800
2016-11-03,25.245502471923828,25.62017331781611,25.181142007961093,25.509841594934596,107730400
2016-11-04,25.01793670654297,25.34203982636608,24.85014005529243,24.94668073850706,123348000
2016-11-07,25.378820419311523,25.40180604772153,25.160452565188898,25.302966267236577,130240000
2016-11-08,25.528226852416992,25.67993515045531,25.215617408299515,25.355832015750337,97016800
2016-11-09,25.486854553222656,25.58799342862823,24.836352637720918,25.256994748167177,236705600
2016-11-10,24.776580810546875,25.535116876621263,24.3260559446728,25.535116876621263,228538000
2016-11-11,24.923690795898438,25.024829639098517,24.49155513132728,24.622575108340758,136575600
2016-11-14,24.298477172851562,24.781182360897954,23.92380636217132,24.758196733598787,204702000
2016-11-15,24.62027931213379,24.751299306666837,24.40191323914231,24.496154829888138,129058000
2016-11-16,25.282278060913086,25.337445673715806,24.503053505407852,24.526039133896795,235362000
2016-11-17,25.273080825805664,25.365025083873647,25.01563900764434,25.240900598535497,110528000
2016-11-18,25.298368453979492,25.40870192710526,25.206425939014256,25.22021696552083,113715600
2016-11-21,25.682239532470703,25.742001825508105,25.286880344973653,25.312165066524603,117058400
2016-11-22,25.698322296142578,25.84083422734658,25.60637803987788,25.73279985776237,103862000
2016-11-23,25.567302703857422,25.631663158149788,25.360428562424204,25.597183842295777,109705600
2016-11-25,25.69602394104004,25.71441314355612,25.50294082200296,25.5443156508187,45903600
2016-11-28,25.64545249938965,25.85232662724157,25.604077673819265,25.6132722743561,108776000
2016-11-29,25.620162963867188,25.751182927896465,25.300658108538062,25.463858291543627,114115200
2016-11-30,25.404096603393555,25.790261020175535,25.34663167085868,25.65234553282995,144649200
2016-12-01,25.167348861694336,25.500646621932145,25.061613564764404,25.369626606856894,148347600
2016-12-02,25.2615909576416,25.305263124688693,25.02023747966612,25.093792541403914,106112000
2016-12-05,25.07999610900879,25.291466646708102,24.882316594384022,25.28457113517083,137298000
2016-12-06,25.273080825805664,25.367324172590333,25.09838866453644,25.16964463153597,104782000
2016-12-07,25.521329879760742,25.55810828458429,25.09149323395342,25.114478860122706,119994800
2016-12-08,25.771879196166992,25.84313516687226,25.422491348076566,25.482255381982473,108273200
2016-12-09,26.19251823425293,26.364913049538554,25.815548378456956,25.815548378456956,137610400
2016-12-12,26.04311180114746,26.43387269604749,25.856924200952502,26.04081271248829,105497600
2016-12-13,26.4775447845459,26.645341417576397,26.146546188104477,26.167232723536717,174935200
2016-12-14,26.4775447845459,26.709701866064297,26.429274448179974,26.443065471801468,136127200
2016-12-15,26.622360229492188,26.831533475621246,26.486743798109075,26.5212213629075,186098000
2016-12-16,26.656831741333008,26.778657111119298,26.583276701819184,26.771761600179012,177404400
2016-12-19,26.810842514038086,26.980938246977622,26.60626746604154,26.617761155624148,111117600
2016-12-20,26.88210105895996,27.008524641738106,26.82003968885404,26.833830714724026,85700000
2016-12-21,26.907384872436523,26.985538108355716,26.843024415615375,26.8476225932117,95132800
2016-12-22,26.730390548706055,26.780959974316932,26.58098136040775,26.74418157253058,104343600
2016-12-23,26.78326416015625,26.78326416015625,26.569494467741563,26.569494467741563,56998000
2016-12-27,26.953359603881836,27.07748410155773,26.776366582612287,26.783262095756886,73187600
2016-12-28,26.83843421936035,27.128056342260077,26.70971152215803,27.013126427356315,83623600
2016-12-29,26.831533432006836,26.918879518839184,26.755679282191622,26.767171219208755,60158000
2016-12-30,26.622360229492188,26.93956610147463,26.532715053634302,26.81314427193476,122345200
2017-01-03,26.698213577270508,26.739588407476482,26.37870862600418,26.617763005673037,115127600
2017-01-04,26.668331146240234,26.78096370212091,26.606269776700465,26.629255404171083,84472400
2017-01-05,26.803943634033203,26.861408567344537,26.620055145960702,26.645339856912937,88774400
2017-01-06,27.102764129638672,27.160229067489293,26.771765526438056,26.843021488191795,127007600
2017-01-09,27.351011276245117,27.452150127850576,27.109659589946716,27.111956924799042,134247600
2017-01-10,27.378597259521484,27.44065862560375,27.192411407583823,27.30044402604622,97848400
2017-01-11,27.525707244873047,27.567082073301073,27.261368160676803,27.29354838793295,110354400
2017-01-12,27.410778045654297,27.422271735829046,27.17172367028493,27.330327475503765,108344800
2017-01-13,27.362504959106445,27.49582403552166,27.309636444772575,27.378595071522714,104447600
2017-01-17,27.58316993713379,27.638335785974654,27.174019863656817,27.201601911231894,137759200
2017-01-18,27.580873489379883,27.698102463870374,27.51651303395479,27.583172578128174,94852000
2017-01-19,27.5325984954834,27.603854451421988,27.438356917018545,27.445252428407365,102389200
2017-01-20,27.58316993713379,27.686606122921752,27.52110857639915,27.686606122921752,130391600
2017-01-23,27.601558685302734,27.769355317601576,27.530300971624104,27.58316948476046,88200800
2017-01-24,27.57628059387207,27.606161736659523,27.468246206861203,27.479739898382356,92844000
2017-01-25,28.015310287475586,28.065879721349187,27.647534977973493,27.67971520794924,129510400
2017-01-26,28.029098510742188,28.144028385883903,27.950945283726647,27.967035396098858,105350400
2017-01-27,28.031400680541992,28.123344947252377,27.95095010480454,28.075074601809906,82251600
2017-01-30,27.957843780517578,27.957843780517578,27.73488127203864,27.796942639617125,121510000
2017-01-31,27.893482208251953,27.902676809319985,27.725685561410188,27.847510956602637,196804000
2017-02-01,29.59444808959961,29.994405388574847,29.194492544315402,29.19908896851109,447940000
2017-02-02,29.54387092590332,29.741550434731863,29.371476127763817,29.417449126148693,134841600
2017-02-03,29.670297622680664,29.695582336048417,29.45882706877832,29.493304629106387,98029200
2017-02-06,29.948427200317383,29.996699294153608,29.62892226767109,29.6817925388683,107383600
2017-02-07,30.23345184326172,30.36217273870168,29.98520289889264,30.00588943407806,152735200
2017-02-08,30.350685119628906,30.39206170565568,30.16220191572174,30.19208481077541,92016400
2017-02-09,30.569992065429688,30.57691747290408,30.26987815871774,30.392231720882286,113399600
2017-02-10,30.50074005126953,30.690043950455642,30.484581938400783,30.579233887993837,80262000
2017-02-13,30.770849227905273,30.893206365545797,30.646188316894467,30.722371354630223,92141600
2017-02-14,31.170217514038086,31.186375622723208,30.761600891111218,30.812389557128682,132904800
2017-02-15,31.283340454101562,31.458793521847717,31.077878458389428,31.285651271890703,142492400
2017-02-16,31.246408462524414,31.37337663728283,31.1286694692627,31.320280662969946,90338400
2017-02-17,31.33182716369629,31.357221505579854,31.188697339946398,31.188697339946398,88792800
2017-02-21,31.558067321777344,31.569610845617106,31.39185044173371,31.449564538343612,98028800
2017-02-22,31.652713775634766,31.655021070965507,31.421857429381895,31.4957296284369,83347600
2017-02-23,31.518814086914062,31.738126893348525,31.465718117955575,31.715043374169532,83152800
2017-02-24,31.548816680908203,31.548816680908203,31.230233921505857,31.375674489509,87106400
2017-02-27,31.61115837097168,31.728897364137968,31.4611031522397,31.65963975449692,81029600
2017-02-28,31.6250057220459,31.728890352255455,31.558055422572743,31.645781943570295,93931600
2017-03-01,32.271400451660156,32.35450886011195,31.765828116381613,31.832774893079204,145658400
2017-03-02,32.07978820800781,32.384516646762336,32.033614136832135,32.31987717422086,104844000
2017-03-03,32.26909637451172,32.28063989511755,31.99437678799724,32.038240052746666,84432400
2017-03-06,32.16752624511719,32.26679631749007,31.99669478314653,32.17445165451661,87000000
2017-03-07,32.209068298339844,32.3152602116108,32.040540682247865,32.10287286248171,69785200
2017-03-08,32.089019775390625,32.27370548580954,32.047467339904514,32.077476258004396,74828800
2017-03-09,32.01515579223633,32.040550130739646,31.63886235043582,32.02901013171941,88623600
2017-03-10,32.12135314941406,32.17214182940908,32.0059249717142,32.14674748941157,78451200
2017-03-13,32.13521194458008,32.18830793317815,32.04748890311137,32.0544143136855,69686800
2017-03-14,32.08672332763672,32.23908583184447,32.052092763771405,32.15828822800166,61236400
2017-03-15,32.42607879638672,32.493025576232185,32.09595244191277,32.18367896678893,102767200
2017-03-16,32.47918701171875,32.55537004533195,32.3799169294025,32.48611242181185,76928000
2017-03-17,32.31758117675781,32.550744818317526,32.294494133099576,32.550744818317526,175540000
2017-03-20,32.65694046020508,32.66617316416422,32.37298461657809,32.412229772933976,86168000
2017-03-21,32.282955169677734,32.966291600943265,32.25756082710326,32.80700013593877,158119600
2017-03-22,32.647708892822266,32.68926487303964,32.26448645594441,32.2852662073475,103440800
2017-03-23,32.53227996826172,32.68464602130465,32.46071505556878,32.61077029040308,81385200
2017-03-24,32.467628479003906,32.721571806994355,32.400681704854115,32.66616502927259,89582400
2017-03-27,32.523040771484375,32.60153107795881,32.00130321325164,32.17906357298683,94300400
2017-03-28,33.197139739990234,33.252543002700264,32.46301480579109,32.529965111682934,133499200
2017-03-29,33.271018981933594,33.35643823436015,33.05632424825825,33.16944161532169,116760000
2017-03-30,33.227149963378906,33.35873976262738,33.127883432090165,33.287174863774936,84829200
2017-03-31,33.16482925415039,33.30565179049683,33.01477048971529,33.17868007369449,78646800
2017-04-03,33.174049377441406,33.27100860006439,33.023994192507935,33.176360194881575,79942800
2017-04-04,33.42106246948242,33.44876409405383,33.051691036457456,33.07015996036741,79565600
2017-04-05,33.2479362487793,33.58036999374285,33.199454859893464,33.294106819448956,110871600
2017-04-06,33.16482925415039,33.36336588698982,33.116347863157166,33.31026638195226,84596000
2017-04-07,33.0909423828125,33.28486083634301,33.07478427297881,33.1809762021365,66688800
2017-04-10,33.05169677734375,33.2156063038978,32.9893645886443,33.150966820278995,75733600
2017-04-11,32.6961784362793,33.09325154850054,32.333732359535915,32.99859962141102,121517600
2017-04-12,32.73542022705078,32.81621780907595,32.55304179866994,32.689249676952514,81400000
2017-04-13,32.56228256225586,32.86932187096987,32.56228256225586,32.76081912568794,71291600
2017-04-17,32.74234390258789,32.75388742014903,32.52072034220978,32.661542802246906,66328400
2017-04-18,32.59690475463867,32.7908231768218,32.57612853567344,32.645386121478026,58790000
2017-04-19,32.476863861083984,32.78159587982304,32.4237678963356,32.75389424996957,69313600
2017-04-20,32.8831787109375,32.99398877144453,32.58768286785988,32.601533685099724,93278400
2017-04-21,32.84393310546875,32.93858152950958,32.74697386352734,32.883178261307776,69283600
2017-04-24,33.160194396972656,33.23175927687544,33.05399896310629,33.12787466015891,68537200
2017-04-25,33.365665435791016,33.451081151540144,33.21329941100493,33.222535636949104,75486000
2017-04-26,33.16944885253906,33.38183985957193,33.10019474436468,33.35182739763675,80164800
2017-04-27,33.19483947753906,33.28025873902497,33.084029394295946,33.2248519361089,56985200
2017-04-28,33.162513732910156,33.31257247606476,33.07479071404166,33.264091091946895,83441600
2017-05-01,33.838932037353516,33.982061880251045,33.46494579102684,33.49726554660336,134411600
2017-05-02,34.053619384765625,34.187516492302215,33.898946050866904,34.060544793553,181408800
2017-05-03,33.949737548828125,34.0490076206691,33.30564982001212,33.61037839972,182788000
2017-05-04,33.827388763427734,33.968211311466995,33.66117186991945,33.82508146750844,93487600
2017-05-05,34.388362884521484,34.39297747518254,33.88047610474246,33.88047610474246,109310800
2017-05-08,35.32332992553711,35.48262137552229,34.4045226107652,34.4045226107652,195009600
2017-05-09,35.549564361572266,35.755026336086395,35.424899981815805,35.52185920907765,156521600
2017-05-10,35.38104248046875,35.53802662820742,35.11555909039869,35.466461724236616,103222800
2017-05-11,35.6870231628418,35.714842670163364,35.306856242636485,35.33930938690545,109020400
2017-05-12,36.1854248046875,36.259601924283665,35.853935742783264,35.86088973721014,130108000
2017-05-15,36.09270095825195,36.312919047116495,35.942026354589,36.16456126267978,104038800
2017-05-16,36.03937530517578,36.17614187932493,35.865518411455746,36.148325908210545,80194000
2017-05-17,34.82933044433594,35.830747832802935,34.70415503934131,35.60589263781273,203070800
2017-05-18,35.360164642333984,35.545612661670546,35.03331644330682,35.065769581406215,134272800
2017-05-19,35.480712890625,35.69397691396822,35.38103664001859,35.55489352681086,107843200
2017-05-22,35.6963005065918,35.8330670876935,35.44594614245283,35.698617325259924,91865600
2017-05-23,35.652252197265625,35.907240170170134,35.538664426955556,35.907240170170134,79675600
2017-05-24,35.54561996459961,35.73802201469214,35.39030823342003,35.66152455835698,76712000
2017-05-25,35.66848373413086,35.779754707038926,35.47376483723376,35.63603058464801,76942400
2017-05-26,35.60822296142578,35.754263936914604,35.53867947132973,35.698628437412,87710400
2017-05-30,35.622127532958984,35.79830129211459,35.54331323574162,35.56417521962942,80507600
2017-05-31,35.41117477416992,35.738026619591665,35.323089676811115,35.69166548354051,97804800
2017-06-01,35.5085334777832,35.54330698193968,35.28599861454439,35.50621665902392,65616400
2017-06-02,36.03474807739258,36.03474807739258,35.44131694896753,35.60126590128008,111082800
2017-06-05,35.682395935058594,35.80293773471264,35.57344884238732,35.77743857588445,101326800
2017-06-06,35.80292510986328,36.118185718240646,35.64761339254073,35.675429360679935,106499600
2017-06-07,36.016204833984375,36.157608628936586,35.809894726968395,35.93507371246903,84278400
2017-06-08,35.92811584472656,36.055608098669595,35.79134570314363,35.98838497453833,85003200
2017-06-09,34.534934997558594,35.974471743082624,33.84878171909158,35.974471743082624,259530800
2017-06-12,33.70969009399414,33.86500181812476,33.035124540031404,33.7838707284533,289229200
2017-06-13,33.98091125488281,34.180267317025965,33.64710542644517,34.113044202442644,136661600
2017-06-14,33.64942169189453,34.19185432860384,33.34343187398011,34.19185432860384,126124800
2017-06-15,33.447750091552734,33.49179440836366,32.965590036801295,33.22289840705595,128661600
2017-06-16,32.9795036315918,33.49643727878537,32.963275285953394,33.32953433255747,201444400
2017-06-19,33.92295837402344,34.015684178746284,33.30171139945538,33.30171139945538,130165600
2017-06-20,33.614654541015625,34.04581984224662,33.59842973452533,34.04581984224662,99600400
2017-06-21,33.81401062011719,33.86037529495847,33.52193226910873,33.7328795134011,85063200
2017-06-22,33.75838088989258,34.00641493839107,33.64015591325134,33.79083404213897,76425200
2017-06-23,33.9090576171875,34.11305089394243,33.63784121266299,33.64247838816975,141757600
2017-06-26,33.80240249633789,34.372650865049174,33.700405932925875,34.11534263903283,102769600
2017-06-27,33.317935943603516,33.88123414935827,33.292436789645436,33.61465144213694,99047600
2017-06-28,33.804744720458984,33.86965103011628,33.1858144223585,33.494121161794965,88329600
2017-06-29,33.30634689331055,33.642473090615525,32.98181540151095,33.545113643075645,125997600
2017-06-30,33.38517761230469,33.603078928311994,33.32954210487856,33.48485391717265,92096400
2017-07-03,33.264625549316406,33.681882883841496,33.171903269256724,33.58452342864035,57111200
2017-07-05,33.4013786315918,33.563644324585276,33.08380123693835,33.30865638906033,86278400
2017-07-06,33.086143493652344,33.26463766174579,33.01196635002062,33.153370177733436,96515200
2017-07-07,33.42225646972656,33.55438944203502,33.12554090823532,33.12554090823532,76806800
2017-07-10,33.62624740600586,33.832557485774224,33.234489228921056,33.406029337936204,84362400
2017-07-11,33.735198974609375,33.809379630463184,33.468619759032514,33.54975087210322,79127200
2017-07-12,33.78388595581055,33.885879068472086,33.570621841307265,33.81401875715488,99538000
2017-07-13,34.254451751708984,34.42135468439262,33.71433580804226,33.72824379624453,100797600
2017-07-14,34.54885482788086,34.61608150238906,34.152462925037774,34.30082072830502,80528400
2017-07-17,34.66939163208008,34.9800151850504,34.439902733258485,34.497855047042286,95174000
2017-07-18,34.78992462158203,34.80151578882803,34.46307280573411,34.58593139686089,71475200
2017-07-19,35.007835388183594,35.100557677206574,34.75979778249779,34.882656407161114,83692000
2017-07-20,34.85019302368164,35.17472801426754,34.81542305978523,35.119092534905725,68974800
2017-07-21,34.833980560302734,34.87338771238873,34.511765811243066,34.769074246616526,105010400
2017-07-24,35.255855560302734,35.33699018406429,34.74819291574987,34.90582498951104,85972800
2017-07-25,35.406532287597656,35.661520240715255,35.188631111775315,35.188631111775315,75415600
2017-07-26,35.57344055175781,35.68238761903824,35.48071475166183,35.54794139887237,63124000
2017-07-27,34.90119552612305,35.696302988408995,34.14549874382941,35.640667502356315,129905200
2017-07-28,34.65548324584961,34.82470300976447,34.58362294352118,34.7458887128319,68854800
2017-07-31,34.47698974609375,34.84788597153069,34.337906314401316,34.74820615187898,79383600
2017-08-01,34.78297424316406,34.82238138619338,34.402807263032315,34.56275619111648,141474400
2017-08-02,36.4265022277832,37.031524459021355,36.19933017298446,36.9225738380496,279747200
2017-08-03,36.062557220458984,36.442724148827494,35.93506145911916,36.40563382968727,108389200
2017-08-04,36.25263977050781,36.48676578348444,36.09037404185433,36.17846266760662,82239600
2017-08-07,36.813629150390625,36.839128311262435,36.31755746017154,36.407962932875485,87481200
2017-08-08,37.108028411865234,37.51369463486603,36.68845419858787,36.76495168223776,144823600
2017-08-09,37.335201263427734,37.383882767511636,36.88317388462931,36.91794386102579,104526000
2017-08-10,36.14599609375,37.23512169895586,35.98541906326039,37.21184832748684,163217200
2017-08-11,36.64866256713867,36.90232949808078,36.32053080044579,36.443871840263014,105028400
2017-08-14,37.20021438598633,37.283993550032726,36.94422150945071,37.07687333211494,88490800
2017-08-15,37.60748291015625,37.74711251774953,37.26771078474369,37.38872595213952,117862000
2017-08-16,37.45620346069336,37.81924531879083,37.27002714727937,37.686597048032674,110686400
2017-08-17,36.737098693847656,37.40035065823449,36.732443309780415,37.356133387139685,111762400
2017-08-18,36.6533317565918,37.11877089000883,36.47181077864065,36.73711094264762,109712400
2017-08-21,36.585838317871094,36.74408589137797,36.09712589188919,36.653325418097694,105474000
2017-08-22,37.18392562866211,37.235124208530294,36.77434054073482,36.82320965268834,86418400
2017-08-23,37.230464935302734,37.344498769648,36.97447561371597,37.018692887258375,77596400
2017-08-24,37.065242767333984,37.40734078109702,36.897684411571745,37.33519473960121,79275600
2017-08-25,37.202545166015625,37.365448131007646,37.06524149202365,37.15367250100886,101920400
2017-08-28,37.57722091674805,37.7005619774075,37.21883086987419,37.26770353118173,103864000
2017-08-29,37.91233825683594,37.961207367983214,37.23512359422168,37.25839696687532,118067600
2017-08-30,38.01472091674805,38.14038784850346,37.84250725743747,38.119443951713684,109078400
2017-08-31,38.16600799560547,38.28702316158408,38.04499282962685,38.082228811623146,107140400
2017-09-01,38.17764663696289,38.38476691476252,38.07990484248632,38.35218631660367,66364400
2017-09-05,37.71918869018555,38.22418973576255,37.365453946138565,38.10782994965673,117874000
2017-09-06,37.679622650146484,37.93096018664937,37.35614262234544,37.865798997669195,86606800
2017-09-07,37.52835464477539,37.75642236834919,37.3189084629825,37.721512304037944,87714000
2017-09-08,36.916297912597656,37.5027485354411,36.89302454061996,37.43526143833459,114446000
2017-09-11,37.58420944213867,37.71220591205249,37.209530803492086,37.35148987902946,126323200
2017-09-12,37.43525695800781,38.15668879075786,36.948874080640124,37.84251606174984,286856000
2017-09-13,37.153656005859375,37.2258020128421,36.74872646565883,37.204854565128805,179629600
2017-09-14,36.8348388671875,37.09548354744911,36.79062159799653,37.00007125979313,95042800
2017-09-15,37.207191467285156,37.46085484734486,36.76967771010516,36.87905614940016,196458400
2017-09-18,36.92561340332031,37.35149063859288,36.769691718988625,37.260730149175366,113077600
2017-09-19,36.939579010009766,37.18160936879697,36.87209189230164,37.12110000359063,83242400
2017-09-20,36.32054138183594,36.83019420658848,35.79924831851858,36.74641502768066,211805600
2017-09-21,35.696842193603516,36.25769701304835,35.54790186302663,36.25769701304835,150046800
2017-09-22,35.34777069091797,35.436205252199564,35.03825327745074,35.26631743173562,186581600
2017-09-25,35.035919189453125,35.333799846278,34.712439247228424,34.905596845969434,177549200
2017-09-26,35.638668060302734,35.82018900645393,35.30122545789439,35.32216936298457,146640000
2017-09-27,35.892337799072266,36.006371665189434,35.73176072979134,35.79227008982112,102016800
2017-09-28,35.67124938964844,35.90396892040085,35.53627163568985,35.81320844544814,88022000
2017-09-29,35.866737365722656,35.86906683396908,35.373373036019935,35.654965265399625,105199200
2017-10-02,35.79458236694336,35.94352269092222,35.54091898799798,35.89930542190987,74795200
2017-10-03,35.95051193237305,36.09247098744628,35.81786364705247,35.8411334693977,64921200
2017-10-04,35.717803955078125,35.80623854123986,35.480432514885095,35.752714026414296,80655200
2017-10-05,36.16228103637695,36.17391772096055,35.85043777523499,35.88068889393125,85135200
2017-10-06,36.14134979248047,36.18556707877376,35.9691360329747,36.064551908552986,69630400
2017-10-09,36.266998291015625,36.47411845979053,36.18554861400172,36.26001699158635,65051600
2017-10-10,36.280975341796875,36.7696878026188,36.09480254816797,36.318211320930025,62468000
2017-10-11,36.43224334716797,36.532311041171035,36.24606701186326,36.29726559284751,67622400
2017-10-12,36.304256439208984,36.623081144688726,36.24142115493268,36.38570971701232,64500400
2017-10-13,36.53464126586914,36.602128368918095,36.39966350875292,36.4741319138063,65576800
2017-10-16,37.207191467285156,37.23511666846092,36.68822447198592,36.74640434178039,96486000
2017-10-17,37.34449768066406,37.43758405834157,37.05592422823548,37.18392066080533,75989200
2017-10-18,37.17927551269531,37.40036193482916,37.142043081984205,37.33287127406661,65496800
2017-10-19,36.29959487915039,36.555587807833106,36.07618609686236,36.47878992922829,170336800
2017-10-20,36.3624267578125,36.7115060546875,36.294939656198025,36.44620593110323,95896400
2017-10-23,36.34379959106445,36.69753418351876,36.187877970624996,36.51135789533137,87937200
2017-10-24,36.560245513916016,36.63471392906621,36.35079577232983,36.37173968118282,71028800
2017-10-25,36.399662017822266,36.66496213617895,36.13436189946558,36.516021781154464,84828400
2017-10-26,36.63237762451172,36.73011938912939,36.48576320207633,36.59048626766541,68002000
2017-10-27,37.94491958618164,38.072916036230644,36.93258822336097,37.069891892041646,177816800
2017-10-30,38.799007415771484,39.11318025909039,38.10084869819069,38.140410599398,178803200
2017-10-31,39.33890151977539,39.48086055249378,38.850192715266076,39.073601439893864,144187200
2017-11-01,38.838565826416016,39.54836116903505,38.54068508443468,39.53206909593334,134551200
2017-11-02,39.12248229980469,39.21324277903293,38.4638855706281,38.771077070181164,165573600
2017-11-03,40.14412307739258,40.553708214192326,39.82296895644749,40.49320240850034,237594400
2017-11-06,40.55137634277344,40.72359006586679,39.962596241505004,40.11386250903352,140105200
2017-11-07,40.68170166015625,40.784098824511965,40.40011300919636,40.47225549744198,97446000
2017-11-08,41.014488220214844,41.014488220214844,40.569993098457765,40.64679096381511,97638000
2017-11-09,40.93071746826172,40.98191605569224,40.293064593639,40.751522412254914,117930400
2017-11-10,40.79523849487305,40.961064873351376,40.70181749198398,40.89800373632071,100582000
2017-11-13,40.63175964355469,40.755544105592186,40.49863094073115,40.52198797891258,67928400
2017-11-14,40.01751708984375,40.517327198270685,39.980147243808084,40.41456190356492,99130000
2017-11-15,39.48966598510742,39.77927683331214,39.32617742716253,39.697530772448054,116632400
2017-11-16,39.961448669433594,40.14128429391195,39.77460308353181,39.98013002061895,94550000
2017-11-17,39.73957824707031,40.02918916149896,39.62046589128432,39.947443081942396,87598000
2017-11-20,39.69986343383789,39.835326394556844,39.60177030306551,39.7722652519949,65049600
2017-11-21,40.43790054321289,40.568691381024394,39.88670803830507,39.88670803830507,100525200
2017-11-22,40.86299514770508,40.872335827828955,40.41690194136155,40.489303794622415,102355600
2017-11-24,40.86531066894531,40.98909511553058,40.79057100712156,40.895674102034114,56106800
2017-11-27,40.65977478027344,40.89099656917598,40.484607730318324,40.88399017228039,82867200
2017-11-28,40.42156219482422,40.84196038887473,40.13895770201275,40.70883524443442,105715200
2017-11-29,39.58308029174805,40.38651371324103,39.041232082418645,40.31878402349336,166665600
2017-11-30,40.13663101196289,40.204360736187915,39.34020358179403,39.80497809979089,166108800
2017-12-01,39.94977569580078,40.094579352171586,39.35420686724889,39.692862534061966,159037200
2017-12-04,39.6578369140625,40.3164634359694,39.61813279428302,40.28376571592841,130169600
2017-12-05,39.620460510253906,40.05954716131824,39.33084963515859,39.48499753144079,109400800
2017-12-06,39.473331451416016,39.751263895202484,38.87776600191327,39.12066287798593,114240000
2017-12-07,39.54572296142578,39.80730466888246,39.44996409930915,39.47798969259851,102693200
2017-12-08,39.557411193847656,39.93810892813513,39.42895813896619,39.818996552890894,93420800
2017-12-11,40.32815170288086,40.3795343559035,39.42195243733802,39.51771134195158,141095200
2017-12-12,40.10159683227539,40.26275117246388,40.045545627886085,40.20669640428996,77636800
2017-12-13,40.234718322753906,40.53133206264366,40.171657165390585,40.28843523854579,95273600
2017-12-14,40.22303771972656,40.43557465717094,40.08990901260741,40.26507611326917,81906000
2017-12-15,40.63175964355469,40.678470156133876,40.2790911752306,40.552351415791705,160677200
2017-12-18,41.203975677490234,41.38614918992754,40.839628652615616,40.84430077348899,117684400
2017-12-19,40.764888763427734,40.963412916005446,40.659789208915306,40.879332559638705,109745600
2017-12-20,40.72050857543945,40.970411756114494,40.46359543289187,40.84195518484071,93902400
2017-12-21,40.87466049194336,41.11055448405394,40.6621271041095,40.67847418142717,83799600
2017-12-22,40.87466049194336,40.970419368665794,40.755548138512246,40.79758653485828,65397600
2017-12-26,39.837669372558594,40.04786845648848,39.629801003099054,39.89138628266804,132742000
2017-12-27,39.84467315673828,39.88671154525252,39.63680836470116,39.7278951035987,85992800
2017-12-28,39.956790924072266,40.13663017703035,39.816655793286984,39.938106002381936,65920800
2017-12-29,39.524715423583984,39.842352003724244,39.52238114450544,39.8260049226047,103999600
2018-01-02,40.23237991333008,40.2417241547698,39.531711484275874,39.74191415126249,102223600
2018-01-03,40.22536849975586,40.767220394628254,40.162310914925996,40.29543604668363,118071600
2018-01-04,40.412208557128906,40.51497380334749,40.19033099212951,40.29776479406131,89738400
2018-01-05,40.87233352661133,40.95874817708508,40.41689966578602,40.50798643795108,94640000
2018-01-08,40.72050857543945,41.01478798653484,40.6224118746243,40.72050857543945,82271200
2018-01-09,40.715843200683594,40.88633818873765,40.50097197485756,40.76722583770547,86336000
2018-01-10,40.706504821777344,40.708842664386644,40.40521891928828,40.442588763192425,95839600
2018-01-11,40.93771743774414,40.98676579221811,40.7532096664602,40.776563140765795,74670800
2018-01-12,41.36045837402344,41.423519533337156,41.02413694272906,41.14792141899934,101672400
2018-01-16,41.1502571105957,41.897636050085076,41.13857859077258,41.54963611654576,118263600
2018-01-17,41.829898834228516,41.86493082363039,40.88866803861023,41.1409054898702,137547200
2018-01-18,41.867271423339844,42.06346128496343,41.63138101025512,41.892962740708185,124773600
2018-01-19,41.680423736572266,41.942005431691854,41.43518911550599,41.71545572653174,129700400
2018-01-22,41.33942794799805,41.52160141317471,41.24600693747062,41.40949548778517,108434400
2018-01-23,41.34877395629883,41.909310783105305,41.297394888530555,41.40950082837842,130756400
2018-01-24,40.690147399902344,41.409500675183416,40.451919160296335,41.39782215645873,204420400
2018-01-25,39.96378707885742,40.86064170736339,39.82832410416899,40.757876446304344,166116000
2018-01-26,40.05721664428711,40.171660448294,39.71856091721823,40.171660448294,156572000
2018-01-29,39.22808837890625,39.74191114188095,39.0202235699117,39.74191114188095,202561600
2018-01-30,38.99687194824219,39.09029298583721,38.466698472240886,38.66055051084549,184192800
2018-01-31,39.10430145263672,39.34019542667271,38.887095960590166,38.97351058898067,129915600
2018-02-01,39.1860466003418,39.38223289119997,38.94781835356621,39.043577220693535,188923200
2018-02-02,37.48575973510742,38.95716410101793,37.392338706452456,38.770318479924185,346375200
2018-02-05,36.549198150634766,38.275177718301975,36.43475436997214,37.158779760529875,290954000
2018-02-06,38.076663970947266,38.237818306328975,35.96765193787465,36.16150399610305,272975200
2018-02-07,37.26154327392578,38.163070074933216,37.151775171913954,38.09066824510716,206434400
2018-02-08,36.23621368408203,37.602517774055826,36.20818810316996,37.43669143816831,217562000
2018-02-09,36.6794548034668,37.02652618717998,35.23253859813122,36.8342311855885,282690400
2018-02-12,38.15685272216797,38.43357083958652,36.937406518800216,37.169571058398745,243278000
2018-02-13,38.539100646972656,38.63524992743858,37.90827262494443,37.9786258442686,130196800
2018-02-14,39.249656677246094,39.28952266255722,38.196716602413595,38.23423521438623,162579600
2018-02-15,40.567604064941406,40.59105275486671,39.63191438389785,39.81717442105685,204588800
2018-02-16,40.436283111572266,40.9967616423969,40.28151028166677,40.41986938372041,160704400
2018-02-20,40.300270080566406,40.865432606579574,40.19942960756967,40.3471710450307,135722000
2018-02-21,40.11736297607422,40.83261089870525,40.10328946303812,40.53009656725726,149886400
2018-02-22,40.452701568603516,40.79273805453179,40.26744149529841,40.288546393843085,123967600
2018-02-23,41.156219482421875,41.191394307064236,40.69658149665015,40.72706873021606,135249600
2018-02-26,41.9699592590332,42.068452335634156,41.32271750780691,41.35554853334056,152648800
2018-02-27,41.83394241333008,42.32406398260265,41.780006497336466,42.00044490832769,155712400
2018-02-28,41.77064514160156,42.35691628306044,41.75423141036455,42.03798463897421,151128400
2018-03-01,41.03896713256836,42.1599169199814,40.49021837370537,41.86912523610617,195208000
2018-03-02,41.32271957397461,41.34382446752006,40.44096585273092,40.52304520982578,153816000
2018-03-05,41.46577835083008,41.68152565643168,40.92640829766891,41.08821967144869,113605600
2018-03-06,41.430599212646484,41.801122919535736,41.303966249227905,41.721390921149435,95154000
2018-03-07,41.04599380493164,41.238292358234624,40.86776875758587,41.024888913465674,126814000
2018-03-08,41.4939079284668,41.53611771378168,41.055378460010644,41.151524163776784,95096400
2018-03-09,42.20682144165039,42.21151261164634,41.599445535644904,41.733117043172626,128740800
2018-03-12,42.614871978759766,42.77199219669841,42.26076553937398,42.27952306476591,128828400
2018-03-13,42.2044677734375,43.03228195752703,42.03327768092932,42.818878501558245,126774000
2018-03-14,41.84566879272461,42.333446569678834,41.69792739335634,42.286545617307205,117473600
2018-03-15,41.894920349121094,42.267791390111284,41.75890863863255,41.859745523704035,90975200
2018-03-16,41.74717712402344,42.005134159904195,41.653371637810366,41.894914950049724,157618800
2018-03-19,41.10932922363281,41.6182120963588,40.724735534745605,41.58303726256093,133787200
2018-03-20,41.095237731933594,41.46107012477809,41.02488452292977,41.095237731933594,78597600
2018-03-21,40.164249420166016,41.06006953035237,40.16190204635174,41.04834339622222,148219600
2018-03-22,39.59673309326172,40.49489685145433,39.538106010552305,39.86641624239975,165963200
2018-03-23,38.679813385009766,39.84766413405887,38.679813385009766,39.48886659321659,164115200
2018-03-26,40.51601028442383,40.59339847247877,39.031571938963225,39.413821710118775,150164800
2018-03-27,39.477134704589844,41.07413599250078,39.14413327762529,40.729408432396,163690400
2018-03-28,39.04095458984375,39.87111626930547,38.7384403503099,39.22152704663509,166674000
2018-03-29,39.34580993652344,40.27680835477367,39.13944144734554,39.35284490062601,153594000
2018-04-02,39.08784866333008,39.61783980550772,38.56958723220933,39.07846990412321,150347200
2018-04-03,39.488861083984375,39.57328423348167,38.6657380601208,39.31297982072446,121112000
2018-04-04,40.24397659301758,40.33777849821083,38.639940397345,38.66573645802015,138422000
2018-04-05,40.52305221557617,40.85839750981913,40.35420588139473,40.47146008133661,107732800
2018-04-06,39.48651885986328,40.448000990287476,39.444305494278204,40.09389465436021,140021200
2018-04-09,39.878143310546875,40.59104707856743,39.83124235894121,39.8382773227664,116070800
2018-04-10,40.62857437133789,40.80445564567269,40.22521969593166,40.56994727989296,113634400
2018-04-11,40.43861389160156,40.785685191415006,40.26507645253841,40.38936557162659,89726400
2018-04-12,40.83728790283203,41.03896524660504,40.579327261385,40.66609779258834,91557200
2018-04-13,40.975643157958984,41.235947570635815,40.76927824238423,40.98736929116872,100497200
2018-04-16,41.23124694824219,41.31801386560598,40.99908246599705,41.04598340569876,86313600
2018-04-17,41.79876708984375,41.96292220935366,41.36961640563792,41.388377501912366,106421600
2018-04-18,41.7049674987793,41.93478827686572,41.479841468316096,41.69793253397193,83018000
2018-04-19,40.52305221557617,41.1304281124797,40.490221182725016,40.74817827560862,139235200
2018-04-20,38.86273956298828,40.152536002898835,38.79473011048212,40.00714191291514,261964400
2018-04-23,38.75015640258789,39.14412866582664,38.48046968538976,39.12302377564878,146062000
2018-04-24,38.21078109741211,39.005764052225786,37.80742655496203,38.85098772303419,134768000
2018-04-25,38.37730026245117,38.79238115437606,38.086512121162166,38.135756883915896,113528400
2018-04-26,38.51095962524414,38.86506592809909,38.311626106242954,38.48750736007461,111852000
2018-04-27,38.065399169921875,38.5367596909896,37.669079464232254,38.459371501862606,142623200
2018-04-30,38.75484848022461,39.223865178378034,37.95283035577987,38.02083978086763,169709600
2018-05-01,39.6553840637207,39.678832763941685,38.75721618617342,39.02455570123673,214277600
2018-05-02,41.407142639160156,41.6838607850088,40.75755348322687,41.0928987187872,266157600
2018-05-03,41.4821891784668,41.62523944023905,40.9076443356587,41.24533699153512,136272800
2018-05-04,43.10968017578125,43.20817327569584,41.782361755300954,41.80112285694862,224805200
2018-05-07,43.421573638916016,44.01018839996743,43.325424341797856,43.426261230253004,169805600
2018-05-08,43.630271911621094,43.67013789503362,43.072140987220045,43.38169367486485,113611200
2018-05-09,43.937496185302734,43.946874947317966,43.43564832709968,43.74754494424338,92844800
2018-05-10,44.56595993041992,44.643348106063584,44.00548518407308,44.026593652567186,111957200
2018-05-11,44.396461486816406,44.74251829708109,44.12809126580616,44.608334982631575,104848800
2018-05-14,44.29288864135742,44.61775924769171,44.224620553416436,44.4953436639537,83115200
2018-05-15,43.89033508300781,44.03864620212648,43.574882993810874,43.97037452197802,94780800
2018-05-16,44.299957275390625,44.36587613183935,43.78675934704251,43.80323995918282,76732400
2018-05-17,44.019813537597656,44.47180540297354,43.87150241585593,44.2575790253715,69176000
2018-05-18,43.85972595214844,44.21284489257208,43.81735340351118,44.066890213339356,73190800
2018-05-21,44.17047119140625,44.55654774584451,44.00097381705662,44.25757271162898,73603200
2018-05-22,44.0598258972168,44.46473588249332,43.97036795401736,44.34702957496204,60962800
2018-05-23,44.34233474731445,44.375292380464245,43.73026031211818,43.86915653021116,80233600
2018-05-24,44.29288864135742,44.455323944524565,43.836191117930454,44.43884692692997,92936000
2018-05-25,44.394126892089844,44.646016610326086,44.175191215681515,44.31173101118196,69844000
2018-05-29,44.23403549194336,44.43413768126005,43.991560749846364,44.16341457064285,90056400
2018-05-30,44.13986587524414,44.25757218424479,43.97036850291428,44.191656938573345,74762000
2018-05-31,43.991554260253906,44.31171556066353,43.81970405692057,44.073950112432165,109931200
2018-06-01,44.78490447998047,44.789610146728236,44.19872567980173,44.25522600978311,93770000
2018-06-04,45.159217834472656,45.53352315842326,45.046220746360014,45.114488847564225,105064800
2018-06-05,45.507606506347656,45.65591758526855,45.2839652676697,45.4511097845576,86264000
2018-06-06,45.665340423583984,45.68888312315127,45.18039098623548,45.582948159321724,83734400
2018-06-07,45.54292678833008,45.71712982719416,45.27926221278443,45.703005644811824,85388800
2018-06-08,45.12860107421875,45.19922558261393,44.674256416273806,45.003832665969014,106627200
2018-06-11,45.01795959472656,45.19216624711074,44.777841280495316,45.046211555074656,73234000
2018-06-12,45.26515197753906,45.34283859669024,44.999134487001314,45.05563482605106,67644400
2018-06-13,44.89319610595703,45.406397601947454,44.83199010402392,45.298106191637146,86553600
2018-06-14,44.91674041748047,45.09800918830484,44.78020063094766,45.093299928876135,86440400
2018-06-15,44.45532989501953,44.766076358692345,44.318790108749276,44.73547156063329,246876800
2018-06-18,44.43177032470703,44.54476735396498,44.0692329506762,44.22931536822652,73939600
2018-06-19,43.71377944946289,43.86444341520715,43.18645377330186,43.5843017620001,134314000
2018-06-20,43.90446472167969,44.06925287888817,43.72319595269414,43.86915425660373,82514800
2018-06-21,43.65963363647461,44.33997608225244,43.53721804711214,44.081020718622625,102847600
2018-06-22,43.53252029418945,43.82207693760852,43.48072920777459,43.815014843289504,108801600
2018-06-25,42.88512420654297,43.532509027058914,42.546129398516676,43.1746807750187,126652400
2018-06-26,43.41716384887695,43.911531970662125,42.972233976115426,43.07817256800714,98276800
2018-06-27,43.353580474853516,44.08806655600235,43.32297569076871,43.6054700610482,101141200
2018-06-28,43.66905212402344,43.836196707291755,43.268851286592344,43.339475808988986,69460800
2018-06-29,43.577232360839844,44.06689106541538,43.05932528995992,43.85501754179745,90950800
2018-07-02,44.06454086303711,44.09279282544298,43.17939053675064,43.27355775791656,70925200
2018-07-03,43.297088623046875,44.2458011939208,43.20763067800487,44.20813431262822,55819200
2018-07-05,43.6454963684082,43.883265402976,43.38183539521996,43.612538746759675,66416800
2018-07-06,44.25051498413086,44.358802788798194,43.59842095439938,43.65021202345311,69940800
2018-07-09,44.86494064331055,44.88847975166625,44.56361275630815,44.61069456513132,79026400
2018-07-10,44.810794830322266,45.029726848456654,44.77077152281335,44.89554351943175,63756400
2018-07-11,44.229331970214844,44.67661458999871,44.16576954584989,44.375286670796754,75326000
2018-07-12,44.97087860107422,45.06033655826407,44.5659685524734,44.617759623255736,72164400
2018-07-13,45.041507720947266,45.16156689252232,44.94027840238948,44.982654551959264,50055600
2018-07-16,44.942626953125,45.35224263855551,44.82727346896064,45.086228803977875,60172400
2018-07-17,45.06974792480469,45.168620799732764,44.54006949990387,44.669547166635304,62138000
2018-07-18,44.822566986083984,45.152146850343286,44.71192275355339,45.14743759156633,65573600
2018-07-19,45.17098617553711,45.32871224004053,44.655431831739946,44.655431831739946,81147200
2018-07-20,45.06739044189453,45.30044662585429,44.76841542267205,45.14742986684816,82704800
2018-07-23,45.1074104309082,45.18980628140824,44.624813861075204,44.88847483529713,63957600
2018-07-24,45.43463897705078,45.59001217970089,45.21099769014568,45.30516130817569,74791600
2018-07-25,45.863101959228516,45.87016405255477,45.30046218207811,45.44877332615458,66839600
2018-07-26,45.71949768066406,46.13146986631483,45.578248637310274,45.813661314825,76304000
2018-07-27,44.9591064453125,45.95019527251233,44.751945758003224,45.903113461401674,96096000
2018-07-30,44.70722198486328,45.24631543024671,44.50947619991051,45.17569090930291,84118000
2018-07-31,44.79667663574219,45.23219152416159,44.57303531146427,44.799033061459376,157492000
2018-08-01,47.43564987182617,47.49685586882303,46.44927027493961,46.87772303025375,271742800
2018-08-02,48.82223892211914,49.05529878452193,47.164935121370654,47.21907903570609,249616000
2018-08-03,48.9634895324707,49.14004906023397,48.37260134727077,48.73749175640409,133789600
2018-08-06,49.21772766113281,49.260100216675234,48.74690233050748,48.9658343850344,101701600
2018-08-07,48.75631332397461,49.31894940500595,48.67391746091623,49.27657685288124,102349600
2018-08-08,48.78927230834961,48.9211028192217,48.14659677179215,48.50677784332198,90102000
2018-08-09,49.172996520996094,49.384866473630254,48.77750139273708,49.32601330988609,93970400
2018-08-10,49.026519775390625,49.397415528202615,48.82335475260716,48.98635970869857,98444800
2018-08-13,49.34307861328125,49.83445457088549,49.06668031301187,49.447024012639176,103563600
2018-08-14,49.550987243652344,49.74233970464528,49.19899085182996,49.64784581924725,82992000
2018-08-15,49.66673278808594,49.78485191739147,49.21551684900846,49.42576875498392,115230400
2018-08-16,50.394344329833984,50.51009876327454,49.95730213317231,50.02344855362679,114001600
2018-08-17,51.40073013305664,51.488137151206544,50.35655727177056,50.422703707891095,141708000
2018-08-20,50.89990234375,51.778705445399396,50.81721750232455,51.523571270388054,121150800
2018-08-21,50.800682067871094,51.30859657191745,50.56208268434248,51.21646377979151,104639200
2018-08-22,50.803043365478516,51.11251493875671,50.51719345762094,50.57861771807685,76072400
2018-08-23,50.90697479248047,51.275505835068344,50.69672292307025,50.70853195017927,75532800
2018-08-24,51.06525802612305,51.24007201397918,50.817207157054575,51.16920342685341,73905600
2018-08-27,51.48576354980469,51.67475486622444,51.10541983221715,51.29913331813298,82100400
2018-08-28,51.90154266357422,52.09998192790679,51.71727711744975,51.738537694761895,91107200
2018-08-29,52.676414489746094,52.79689832830849,51.83304564336104,52.00785967623927,109019200
2018-08-30,53.16069412231445,53.923742675038724,52.53938635946585,52.74019031767683,195175200
2018-08-31,53.77491760253906,54.067850745143865,53.38984807574226,53.51032829361586,173360400
2018-09-04,53.94736862182617,54.141082118508926,53.538677445708245,53.95918125564201,109560400
2018-09-05,53.59537124633789,54.25683907496072,53.17723213437342,54.096198793356,133332000
2018-09-06,52.70475387573242,53.708766416493766,52.27952431399747,53.444177131020055,137160000
2018-09-07,52.279518127441406,53.241005795895745,52.14013844458319,52.409449867694455,150479200
2018-09-10,51.577911376953125,52.40947124911387,51.13850797001308,52.19685460431092,158066000
2018-09-11,52.88193130493164,52.988237791666194,51.159752521935985,51.50229724795152,142996000
2018-09-12,52.22520065307617,53.15361540522654,51.93462496013622,53.13944168453879,197114800
2018-09-13,53.486724853515625,53.945027822113694,52.57957046881016,52.803996176863855,166825600
2018-09-14,52.879573822021484,53.588288636449,52.56774117812255,53.330789785670724,127997200
2018-09-17,51.471588134765625,52.66931411966583,51.327482666276865,52.480322809477535,148780400
2018-09-18,51.5566291809082,52.40944927862662,51.29203992971887,51.45031910071753,126286800
2018-09-19,51.587345123291016,51.88264293364041,50.86209557552189,51.618057249074425,108495200
2018-09-20,51.9795036315918,52.51103971221684,51.77161281099577,52.02911525185576,106435200
2018-09-21,51.419612884521484,52.293693595499825,51.332202290127185,52.1566749925256,384986800
2018-09-24,52.15904998779297,52.27008227145814,51.176301449926825,51.221187301371494,110773600
2018-09-25,52.48978805541992,52.638619336797795,51.90155339518817,51.9133660310406,98217600
2018-09-26,52.0716438293457,52.85831777335347,51.915725691677075,52.20866247111113,95938800
2018-09-27,53.14179229736328,53.49378857882078,52.80869550800178,52.87484553269253,120724800
2018-09-28,53.32842254638672,53.35204420798232,52.922092477963226,53.10399333061653,91717600
2018-10-01,53.68750762939453,54.19778315474895,53.47253354452783,53.850512611497464,94403200
2018-10-02,54.16470718383789,54.33479901696342,53.53867724574372,53.685143811325815,99152800
2018-10-03,54.823822021484375,55.154554187596624,54.282834315481175,54.34661966348506,114619200
2018-10-04,53.859954833984375,54.88995365100147,53.56229236005204,54.519057903231584,128168000
2018-10-05,52.985877990722656,53.95918207755952,52.10943606076721,53.85287558101716,134322000
2018-10-08,52.86302947998047,53.10635456732336,52.01965727271119,52.4944984197217,118655600
2018-10-09,53.59537124633789,53.68986871026096,52.503951672171496,52.83232269929613,107564000
2018-10-10,51.112510681152344,53.47253222410703,51.03927739644141,53.26228031441347,167962400
2018-10-11,50.661285400390625,51.854289128619605,50.15810044455887,50.67782380599956,212497600
2018-10-12,52.470882415771484,52.65278689341281,51.22590572066078,52.07163916179051,161351600
2018-10-15,51.3487663269043,52.40475200742665,51.32750574118638,52.24647275034153,123164000
2018-10-16,52.480323791503906,52.67876665350511,51.206999816817834,51.71963636717618,116736000
2018-10-17,52.253543853759766,52.59608862651848,51.816501609567986,52.51576847933284,91541600
2018-10-18,51.03218078613281,51.9109872441686,50.3187403595104,51.466858241479144,130325200
2018-10-19,51.809417724609375,52.27008165957751,51.36528859514771,51.51411986825671,132314800
2018-10-22,52.1259765625,52.76618390607024,51.72201111053948,51.92281149157799,115168400
2018-10-23,52.617347717285156,52.74019262431789,50.72035473904034,50.98730513181056,155071200
2018-10-24,50.81250762939453,52.97172608039861,50.682575811367386,52.58666000751433,163702000
2018-10-25,51.925174713134766,52.2984316284464,51.204647237524014,51.43143757260694,119423200
2018-10-26,51.09833908081055,52.01730581697299,50.240792997824286,51.003841608951056,189033600
2018-10-29,50.13922119140625,51.89919591433966,48.68635339370277,51.78107675703257,183742000
2018-10-30,50.389625549316406,50.83375106190796,49.43758557487864,49.88171108747019,146640000
2018-10-31,51.70309829711914,52.07871621140571,51.17392337307562,51.2353476188621,153435600
2018-11-01,52.496864318847656,52.52993752973202,51.21881451840618,51.74798949726561,233292800
2018-11-02,49.01472091674805,50.4723107785911,48.53043168631862,49.503735922442594,365314800
2018-11-05,47.623268127441406,48.284735950815005,46.815333742036444,48.26347537336716,264654800
2018-11-06,48.138275146484375,48.36270079071048,47.64689909334055,47.701232888220325,127531600
2018-11-07,49.59822082519531,49.62420717738596,48.223316058070075,48.65799358134124,133697600
2018-11-08,49.425167083740234,49.8115765392993,49.01267698848203,49.77838793052821,101450400
2018-11-09,48.47218704223633,48.83726183151383,47.94590781417605,48.728215068099814,137463200
2018-11-12,46.03043746948242,47.37695470965315,45.940352537920646,47.175450083987386,204542000
2018-11-13,45.57052230834961,46.74398093275625,45.38561385200852,45.42828698201078,187531600
2018-11-14,44.28328323364258,46.1039218061146,44.07703636390938,45.966425098721565,243204000
2018-11-15,45.37614440917969,45.50889886088742,44.3069899736933,44.6602144819987,185915200
2018-11-16,45.87871170043945,46.22008232656418,44.913869072574464,45.160412515171664,147713200
2018-11-19,44.060447692871094,45.207829618939165,43.854204422517,45.04188654984463,167701200
2018-11-20,41.95532989501953,43.0197420672639,41.60684765041812,42.28484670118081,271300800
2018-11-21,41.90791320800781,42.7352627289544,41.85338983967159,42.60724693877204,124496800
2018-11-23,40.84349822998047,41.86524068594316,40.79845939163042,41.47171605144784,94496000
2018-11-26,41.39585876464844,41.474089835387204,40.362265965846845,41.30577746097213,179994000
2018-11-27,41.30577087402344,41.43141370833802,40.509240737589266,40.658587651286105,165549600
2018-11-28,42.894100189208984,42.97706991484424,41.46935188841063,41.89606521990837,184250000
2018-11-29,42.564571380615234,43.33502448357131,42.12600432124868,43.301835879212355,167080000
2018-11-30,42.33462905883789,42.749488506107106,41.967181396370556,42.74000397877434,158126000
2018-12-03,43.81389617919922,43.842342523740484,42.958100347142334,43.72855352828848,163210000
2018-12-04,41.88658142089844,43.237837196394814,41.787015586628954,42.896466554735234,165377200
2018-12-06,41.419578552246094,41.43380172975156,40.40020862932466,40.717871651240934,172393600
2018-12-07,39.94267272949219,41.36504811416553,39.89763026354484,41.1279855500533,169126400
2018-12-10,40.205806732177734,40.32196505738388,38.71942364894465,39.11531764191258,248104000
2018-12-11,39.97585678100586,40.724971648959276,39.589443688075356,40.69415597889754,189126800
2018-12-12,40.0872802734375,40.75579481048931,40.06831483459586,40.3954587070733,142510800
2018-12-13,40.52584457397461,40.90988838723615,40.193958431440095,40.416797820265124,127594400
2018-12-14,39.2291145324707,40.082541263185234,39.18170274016165,40.06357582280403,162814800
2018-12-17,38.8640251159668,39.90947156304112,38.57717791200247,39.22198817296759,177151600
2018-12-18,39.368980407714844,39.71508971376303,38.97071343268076,39.205406665323395,135366000
2018-12-19,38.1409912109375,39.69612086582762,37.714277923367106,39.35238091263852,196189200
2018-12-20,37.178524017333984,38.43021412213326,36.81581856749373,38.0248355278653,259092000
2018-12-21,35.73244857788086,37.49382576875657,35.47168185984565,37.18564363172532,382978400
2018-12-24,34.80789566040039,35.926831218245276,34.75099934452627,35.120816354489186,148676800
2018-12-26,37.259117126464844,37.27334029939218,34.78181443000984,35.15637365867392,234330000
2018-12-27,37.0173225402832,37.164303808057454,35.57598515454274,36.94383371504013,212468400
2018-12-28,37.03627395629883,37.57914911568822,36.63801068620746,37.3373443489689,169165600
2018-12-31,37.39424133300781,37.778281438629776,37.095540257713566,37.5815191228161,140014000
2019-01-02,37.436920166015625,37.657390234429776,36.562158714565115,36.718620877015454,148158800
2019-01-03,33.70792007446289,34.54475047514119,33.66287761719509,34.13226039084803,365248800
2019-01-04,35.146881103515625,35.21563124667648,34.089584494840125,34.26263908807165,234428400
2019-01-07,35.06865692138672,35.28201536020964,34.587420294153034,35.2511960750127,219111200
2019-01-08,35.7371826171875,35.990841304732,35.20853409612209,35.45507757862409,164101200
2019-01-09,36.344058990478516,36.63327559109025,35.471670542086514,35.865191626259296,180396400
2019-01-10,36.46022415161133,36.50052435461603,35.7632596139456,36.152042085783165,143122800
2019-01-11,36.10224914550781,36.436508162841335,35.91734067151202,36.24211877976571,108092800
2019-01-14,35.55937576293945,35.8604461572393,35.37446729835511,35.76088033917748,129756800
2019-01-15,36.28715515136719,36.36301326314515,35.57122545678983,35.62337949119995,114843600
2019-01-16,36.730464935302734,36.95330426774839,36.270563098942425,36.28952853333001,122278800
2019-01-17,36.948577880859375,37.375291294712916,36.332213658927785,36.55505308712287,119284800
2019-01-18,37.176151275634766,37.427437002899225,36.97701598209478,37.33735207528084,135004000
2019-01-22,36.3416862487793,37.154808983139375,36.18048184882576,37.07895085520432,121576000
2019-01-23,36.48866271972656,36.777879284107165,35.96238363485609,36.54318608659887,92522400
2019-01-24,36.19945526123047,36.62142636446528,35.97187720999421,36.53371436735213,101766000
2019-01-25,37.39898681640625,37.48670242020263,36.58349467789878,36.85848448845611,134142000
2019-01-28,37.05288314819336,37.05999473643503,36.42703806191046,36.93197891350897,104768400
2019-01-29,36.6688232421875,37.4866917047765,36.5336995074683,37.04101307789164,166348800
2019-01-30,39.17457962036133,39.38793443159078,37.98452481209461,38.70045460226316,244439200
2019-01-31,39.456687927246094,40.06356742305423,39.01100921494888,39.37845685855858,162958400
2019-02-01,39.47565841674805,40.058830287377425,39.33578875751876,39.5799665216834,130672400
2019-02-04,40.59696578979492,40.69416231326555,39.65582708181052,39.68664637395677,125982000
2019-02-05,41.29155731201172,41.50491579851415,40.857735985761174,40.978636596011086,144406400
2019-02-06,41.30577087402344,41.621064429829325,40.976254147130874,41.402963748878,112958400
2019-02-07,40.523475646972656,41.23466334560738,40.381236660330636,40.86958496796045,126966800
2019-02-08,40.57109069824219,40.630610517833716,40.09731162648508,40.23301855889848,95280000
2019-02-11,40.3377685546875,40.761552993076776,40.29491603027586,40.723459438398876,83973600
2019-02-12,40.68535614013672,40.71154499860574,40.40204129837203,40.49727516225957,89134000
2019-02-13,40.51633071899414,41.06391379755997,40.45443141309773,40.80440825043843,89960800
2019-02-14,40.663944244384766,40.773458685532184,40.325872081987775,40.40443868514226,87342800
2019-02-15,40.57346725463867,40.87820841832707,40.41395458558312,40.77107347735558,98507200
2019-02-19,40.69489669799805,40.81631947700938,40.35206552644233,40.404443267819346,75891200
2019-02-20,40.95677947998047,41.2639037947893,40.70917861976395,40.75679375063616,104457600
2019-02-21,40.72582244873047,41.037705581789,40.54488358640639,40.90200234324591,68998800
2019-02-22,41.18056106567383,41.18770315131881,40.802015995288144,40.84963111052149,75652800
2019-02-25,41.48054885864258,41.870998703552395,41.413886955814164,41.4638851993361,87493600
2019-02-26,41.504356384277344,41.73529354904754,41.22818358043654,41.356748410721536,68280800
2019-02-27,41.63291549682617,41.66386696049311,41.12342606902132,41.23770671972961,111341600
2019-02-28,41.22341537475586,41.642437125778045,41.16865817149294,41.50197125824247,112861600
2019-03-01,41.6567268371582,41.69957935859273,41.1615215591532,41.49245157272372,103544800
2019-03-04,41.86623764038086,42.3185867630682,41.41864748708526,41.82814408844058,109744800
2019-03-05,41.7900505065918,41.90194804483561,41.554350741031215,41.8876638710685,78949600
2019-03-06,41.549598693847656,41.78053589569321,41.41151226975844,41.58530913421484,83241600
2019-03-07,41.06867599487305,41.5305503815129,40.95439895711522,41.394843447524245,99185600
2019-03-08,41.166282653808594,41.20437620444497,40.35443156577534,40.54965828818608,95997600
2019-03-11,42.592376708984375,42.64475443502301,41.747198271035906,41.78052922098767,128044000
2019-03-12,43.070919036865234,43.48993721924746,42.704274948579794,42.85426604222394,129870400
2019-03-13,43.26138687133789,43.63993204857632,43.07330220879454,43.38994808203721,124130000
2019-03-14,43.7423095703125,43.83040138322581,43.46375722016386,43.7827826161151,94318000
2019-03-15,44.31131362915039,44.599391151169385,43.74468742331031,44.00895556463961,156171600
2019-03-18,44.7636604309082,44.851748588606974,44.23274110168336,44.23512421911368,104879200
2019-03-19,44.40892791748047,44.99460454615995,44.26369941100965,44.8422339518956,126585600
2019-03-20,44.797000885009766,45.11364678234836,43.980387016546715,44.337505957977974,124140800
2019-03-21,46.446876525878906,46.74209608153798,45.189818470815716,45.23981670799699,204136800
2019-03-22,45.485042572021484,47.06588868608585,45.42076015573601,46.50640098152946,169630800
2019-03-25,44.93508529663086,45.706459850538906,44.42559577501445,45.594562296617404,175381200
2019-03-26,44.47081756591797,45.92072283078621,43.944664504439636,45.63026588091643,199202000
2019-03-27,44.87079620361328,45.17791683539124,44.413684482957166,44.937458102492236,119393600
2019-03-28,44.93032455444336,45.13031028908646,44.64700961396477,44.98508177475717,83121600
2019-03-29,45.223148345947266,45.25409980788769,44.887455764718766,45.19458000126423,94256000
2019-04-01,45.530269622802734,45.63502142409806,44.84936293398055,45.62549985408957,111448000
2019-04-02,46.19213104248047,46.29688647998632,45.48503547211655,45.494557042435,91062800
2019-04-03,46.50878143310547,46.78257110861055,45.98500419384211,46.00881357119078,93087200
2019-04-04,46.5897331237793,46.75162528431652,45.98263025616197,46.37545960019598,76457200
2019-04-05,46.901615142822266,46.92542452241121,46.64686858586537,46.7706708206856,74106400
2019-04-08,47.63966751098633,47.67061534846491,46.744487053171795,46.763533832359514,103526800
2019-04-09,47.49681854248047,48.29438562024931,47.43253611674226,47.69204530479587,143072800
2019-04-10,47.763465881347656,47.792037866383424,47.182551833909685,47.301591478620686,86781200
2019-04-11,47.36587142944336,47.853934673821236,47.24445230598995,47.81822423539419,83603200
2019-04-12,47.346824645996094,47.64918634491624,46.71353653021887,47.42539124332817,111042800
2019-04-15,47.43252944946289,47.58014105940189,47.142072464719895,47.277779385224925,70146400
2019-04-16,47.437294006347656,47.94202089049343,47.27301873067345,47.48729225090989,102785600
2019-04-17,48.36103820800781,48.42055801926847,47.284919003230804,47.50633095737599,115627200
2019-04-18,48.53484344482422,48.60388483941053,48.215818073091455,48.35866346517399,96783200
2019-04-22,48.69435119628906,48.79196456564161,48.172957030939074,48.28961717719952,77758000
2019-04-23,49.39668273925781,49.46096515519979,48.544358571646036,48.67054028599068,93292000
2019-04-24,49.32049560546875,49.634758309231124,49.29430674408848,49.36811072630537,70162400
2019-04-25,48.87290573120117,49.46334122480281,48.83481218121374,49.24192927700253,74172800
2019-04-26,48.63959503173828,48.80624979227358,48.12058034001254,48.78244041242512,74596400
2019-04-29,48.713417053222656,49.03720512187555,48.53485753667443,48.66341879015598,88818800
2019-04-30,47.7753791809082,48.42533474095974,47.40397600373589,48.344388639843174,186139600
2019-05-01,50.12044143676758,51.260839370967766,49.81331719006175,49.96807087208278,259309200
2019-05-02,49.794288635253906,50.62756626044784,49.55145034295779,49.9585639483262,127985200
2019-05-03,50.41328430175781,50.43471056370915,50.05140280221845,50.208535988797536,83569600
2019-05-06,49.634761810302734,49.7204704869746,48.4491281436762,48.63720915572776,129772400
2019-05-07,48.29676055908203,49.38240144232554,47.8134599345925,49.01576096722364,155054800
2019-05-08,48.306278228759766,48.88719217828683,48.03248854519136,48.06819897946514,105358000
2019-05-09,47.78725814819336,48.01581214981194,46.82065716058066,47.711071059120265,139634400
2019-05-10,47.125247955322266,47.524374640553994,46.07127795478432,47.18260833059418,164834800
2019-05-13,44.3863525390625,45.28497649247843,43.700434952267486,44.86195605399725,229722400
2019-05-14,45.0890007019043,45.33755501706482,44.31226345269041,44.551259529371606,146118800
2019-05-15,45.62914276123047,45.827509995697774,44.4580631300962,44.517812165292675,106178800
2019-05-16,45.42837142944336,45.99957186580275,45.1320150028053,45.38774253694137,132125600
2019-05-17,45.17026901245117,45.62436020518247,44.63491636316234,44.675545268045326,131516400
2019-05-20,43.757789611816406,44.058926994173994,43.08621123813103,43.86055981831974,154449200
2019-05-21,44.596683502197266,44.93127665688284,44.142588624504704,44.26686764487015,113459200
2019-05-22,43.68370056152344,44.38396092978839,43.62873248755831,44.13301433164852,118994400
2019-05-23,42.93803787231445,43.148351949089296,42.495893652579475,42.97149717862801,146118800
2019-05-24,42.77312469482422,43.53074175934809,42.689474615998094,43.06708882439502,94858800
2019-05-28,42.59627151489258,43.16030242542194,42.51979466347363,42.76117939821549,111792800
2019-05-29,42.39313888549805,42.86396159975517,42.063323026611435,42.16370097349173,113924800
2019-05-30,42.613006591796875,42.83527122076542,42.22344177055687,42.52935649566115,84873600
2019-05-31,41.84104919433594,42.53891737233829,41.8219290686219,42.118281900211706,108174400
2019-06-03,41.41802978515625,42.522190731499684,40.693871807776276,41.96772160988868,161584400
2019-06-04,42.93326950073242,42.97867935405244,41.7096103437768,41.92948637061777,123872000
2019-06-05,43.626346588134766,44.21188995189266,43.29175350609404,44.0422011159206,119093600
2019-06-06,44.26685333251953,44.32660235130905,43.533133631324745,43.755401877552906,90105200
2019-06-07,45.445106506347656,45.86813062026095,44.398306078529586,44.575160856832326,122737600
2019-06-10,46.0258674621582,46.69266494884902,45.796429611108664,45.84183945170739,104883600
2019-06-11,46.558834075927734,46.843240045404315,46.26965080968736,46.57078461142005,107731600
2019-06-12,46.41065979003906,46.836072616312435,46.21946215370694,46.35329940510195,73012800
2019-06-13,46.401092529296875,47.03204210337555,46.269647588406826,46.53254111697809,86698400
2019-06-14,46.0640983581543,46.26724280538429,45.48094743332432,45.77969248524212,75046000
2019-06-17,46.33894729614258,46.59467483835488,45.927873769058344,46.102339876909845,58676400
2019-06-18,47.42877960205078,47.86853159056381,46.65443450201509,46.85519036892868,106204000
2019-06-19,47.290157318115234,47.77054181487059,47.156320085097796,47.72273967725771,84496800
2019-06-20,47.67015838623047,47.94500241181626,47.32839210507154,47.88764204137815,86056000
2019-06-21,47.507652282714844,48.002376041571715,47.35708354796855,47.51243322660296,191202400
2019-06-24,47.45984649658203,47.837460776342034,47.361857219276544,47.45028461027407,72881600
2019-06-25,46.740474700927734,47.62236735366942,46.67355242975676,47.42400012897621,84281200
2019-06-26,47.75141906738281,48.03582499532506,47.16587938168513,47.26625730093694,104270000
2019-06-27,47.737083435058594,48.17444674582689,47.69645453473033,47.86852837567722,83598800
2019-06-28,47.30210494995117,47.67971920381685,47.09417952190008,47.483740662644806,124442400
2019-07-01,48.169654846191406,48.872303820169,47.954556212048495,48.556827282142194,109012000
2019-07-02,48.45168685913086,48.5472875040307,48.12426331147925,48.136213847940695,67740800
2019-07-03,48.85319137573242,48.86036096665152,48.44211781134659,48.583124628476725,45448000
2019-07-05,48.810176849365234,49.013325011259084,48.49231157030816,48.59986274236455,69062000
2019-07-08,47.80399703979492,48.133809151047075,47.419213204341766,47.99280233879046,101354400
2019-07-09,48.095584869384766,48.16011120195485,47.51482234871203,47.608030698104976,82312000
2019-07-10,48.571170806884766,48.690668843168744,48.17204780331115,48.24135870655863,71588400
2019-07-11,48.217464447021484,48.84841402179487,48.207906207357404,48.5902977893706,80767200
2019-07-12,48.58790969848633,48.75520624546054,48.32501251981883,48.38476154708042,70380800
2019-07-15,49.04438400268555,49.202118633701346,48.75519716004061,48.776705930616785,67789600
2019-07-16,48.87470245361328,49.25948632051337,48.63570635359561,48.89621122738501,67467200
2019-07-17,48.59986114501953,49.01571204861512,48.580741018322186,48.7671576951322,56430000
2019-07-18,49.15193557739258,49.20451500768722,48.68350164752872,48.75520120218422,74162400
2019-07-19,48.41822814941406,49.352703951769605,48.36326005715543,49.183015084199354,83717200
2019-07-22,49.524776458740234,49.52716510710405,48.66200031652238,48.67155855676903,89111600
2019-07-23,49.91194152832031,49.928673004733994,49.541496867121964,49.821125495815984,73420800
2019-07-24,49.87131118774414,49.98602828414967,49.512817070534965,49.63231510960469,59966400
2019-07-25,49.47697830200195,50.00754998570546,49.40766738427243,49.92389988411229,55638400
2019-07-26,49.649051666259766,50.12465157648066,49.50565254598537,49.58691034563834,70475600
2019-07-29,50.112693786621094,50.34213161648365,49.81634099625393,49.82112193871518,86693600
2019-07-30,49.89760971069336,50.2274255237216,49.54628512206538,49.89282876718518,135742800
2019-07-31,50.915733337402344,52.90657151472246,50.49988240999392,51.72354141436402,277125600
2019-08-01,49.813961029052734,52.10832530830055,49.41006063749324,51.12127013624457,216071600
2019-08-02,48.7599983215332,49.335976304279846,48.18879763636856,49.12088121574449,163448400
2019-08-05,46.207496643066406,47.476565118347665,46.02586095314947,47.31883049277341,209572000
2019-08-06,47.08223342895508,47.33796101580563,46.37480334238874,46.917325530412754,143299200
2019-08-07,47.56978225708008,47.69406125048899,46.32222596704192,46.702228891752036,133457600
2019-08-08,48.61897659301758,48.64287766257979,47.653433919438044,47.847020183801895,108038000
2019-08-09,48.21833801269531,48.64296573649967,47.810498015760096,48.292707715938555,98478800
2019-08-12,48.09598922729492,48.47264054893113,47.77691622698608,47.88967148501429,89927600
2019-08-13,50.132774353027344,50.893270127420344,48.09598664589979,48.22553694677137,188874000
2019-08-14,48.64056396484375,49.52581081950047,48.60217842422012,48.73892553994931,146189600
2019-08-15,48.398277282714844,49.213950143233156,47.90167380434236,48.810912822218775,108909600
2019-08-16,49.54020690917969,49.69854452652455,48.90206099247231,49.00761940403555,110481600
2019-08-19,50.46384048461914,51.03480988446153,50.387069397884126,50.52861197082405,97654400
2019-08-20,50.466224670410156,51.18353921949726,50.45663011746554,50.590975822565724,107537200
2019-08-21,51.01321792602539,51.25551979787076,50.76371922258588,51.0971858421528,86141600
2019-08-22,50.97004699707031,51.44505627927644,50.55980921199625,51.14517603483993,89014800
2019-08-23,48.61418533325195,50.87168465912164,48.22074260469428,50.2431331866759,187272000
2019-08-26,49.53779602050781,49.70572814852622,49.19473127409908,49.38665527496833,104174400
2019-08-27,48.978824615478516,50.03200352569987,48.82768385279888,49.86646910193575,103493200
2019-08-28,49.307498931884766,49.35308130541824,48.77731281814011,48.964437759537844,63755200
2019-08-29,50.14237594604492,50.21674932361464,49.57860326769011,50.02002612084865,83962000
2019-08-30,50.07758712768555,50.48782112129382,49.70813273439135,50.418250537454604,84573600
2019-09-03,49.348289489746094,49.6553665497577,48.993232325479035,49.52341851756975,80092000
2019-09-04,50.185550689697266,50.255121283851096,49.73693109197349,49.99362663387558,76752400
2019-09-05,51.16675567626953,51.332290121775586,50.74212431527314,50.859678663980254,95654800
2019-09-06,51.16195297241211,51.440242639191425,50.982024876577526,51.351479283319904,77449200
2019-09-09,51.38025665283203,51.924839942364784,50.63655619718821,51.54099194802581,109237600
2019-09-10,51.98722457885742,52.00641734866052,50.790105305142255,51.305897723756836,127111600
2019-09-11,53.640159606933594,53.668950589657804,52.234321362001715,52.315891542299696,177158400
2019-09-12,53.520225524902344,54.31910692667731,53.46504858550695,53.93046330551826,128906800
2019-09-13,52.479034423828125,52.96843729417026,52.064001256565966,52.778914620535716,159053200
2019-09-16,52.754920959472656,52.81010154946968,52.19354612874398,52.23432939484169,84632400
2019-09-17,52.946842193603516,52.975633179223315,52.567793218654614,52.769315475406735,73274800
2019-09-18,53.44343948364258,53.46263225167486,52.64455835994907,53.03320184582573,101360000
2019-09-19,53.00922775268555,53.68095650952987,52.86768150832097,53.26112420617858,88242400
2019-09-20,52.23432922363281,53.393066700070236,52.17195546286078,53.10998156197395,221652400
2019-09-23,52.471839904785156,52.74053140147138,52.21514068797828,52.52701683843027,76662000
2019-09-24,52.222328186035156,53.37627010251863,52.10477750756929,53.02600846924604,124763200
2019-09-25,53.02600860595703,53.13876383787783,52.092781703491944,52.43104739925435,87613600
2019-09-26,52.75252914428711,53.00442926136015,52.49823130328569,52.77891875008804,75334000
2019-09-27,52.495826721191406,53.009221444627215,52.12637228824465,52.90845848244411,101408000
2019-09-30,53.73133850097656,53.877680194515705,52.96844131904631,52.994830924787706,103909600
2019-10-01,53.88007354736328,54.75092680553321,53.78651107289727,53.995230177972914,139223200
2019-10-02,52.52942657470703,53.6377828354051,52.28232187464526,53.51303162326038,138449200
2019-10-03,52.975624084472656,53.00921051139086,51.61056919642942,52.402249782450696,114426000
2019-10-04,54.460636138916016,54.57579275889607,53.71213641227853,54.13196864675856,138478800
2019-10-07,54.47263717651367,55.161160934101474,54.17995381280001,54.28311450360741,122306000
2019-10-08,53.8344841003418,54.712534075004065,53.817692715154585,54.175151178670255,111820000
2019-10-09,54.46544647216797,54.64777233374476,54.13197980362061,54.46544647216797,74770400
2019-10-10,55.199546813964844,55.28351473349061,54.53021582409262,54.68135295433329,113013600
2019-10-11,56.667762756347656,57.01082394508319,55.73213434401569,55.88567285866777,166795600
2019-10-14,56.58618927001953,57.128374978236515,56.298305029368485,56.35348195750364,96427600
2019-10-15,56.45425033569336,57.01322382343534,56.34869191650956,56.710945890847526,87360000
2019-10-16,56.22634506225586,56.43506420133738,55.9456575931264,55.986440867036066,73903200
2019-10-17,56.44465637207031,56.65337184168017,56.022426324167796,56.3990739912021,67585200
2019-10-18,56.71574401855469,56.99643144981467,56.20714470406706,56.279116685052266,97433600
2019-10-21,57.69935989379883,57.81451654959567,56.93406854329238,56.982048652883876,87247200
2019-10-22,57.567413330078125,58.10479639421251,57.48584312014552,57.85529763738548,82293600
2019-10-23,58.33989334106445,58.35429066597053,57.869683225583834,58.08080006310815,75828800
2019-10-24,58.43586349487305,58.72854690180575,58.01123205028258,58.65897263620099,69275200
2019-10-25,59.15556335449219,59.19154751127854,58.26791876751091,58.33509163394323,73477200
2019-10-28,59.74811935424805,59.79609944414018,59.18914233842147,59.35707448336704,96572800
2019-10-29,58.36628341674805,59.916065952572374,58.19355578359902,59.72894099440109,142839600
2019-10-30,58.35908889770508,58.84849546974143,57.86728826237409,58.718945163935885,124522000
2019-10-31,59.67855453491211,59.77691611414118,56.91965683308477,59.313902865640614,139162000
2019-11-01,61.37229537963867,61.398681327923676,59.77453249840152,59.86569360691173,151125200
2019-11-04,61.77532196044922,61.859289881741645,61.26672630639548,61.7345350313778,103272000
2019-11-05,61.68655014038086,61.94084793256841,61.492228380714764,61.667353710049895,79897600
2019-11-06,61.71294403076172,61.772920071009715,61.26432442111376,61.600188782243734,75864400
2019-11-07,62.42518615722656,62.646563835655755,62.10756018771795,62.259154734223145,94940400
2019-11-08,62.596031188964844,62.66821556732877,61.8043749042975,62.247122892567724,69986400
2019-11-11,63.09172821044922,63.15669416268931,62.14847721788769,62.15328706288794,81821200
2019-11-12,63.033973693847656,63.233696083194374,62.7837295735389,62.93531679624955,87388800
2019-11-13,63.637943267822266,63.71253625362745,62.819821674837314,62.83425855316897,102734400
2019-11-14,63.197608947753906,63.73660536483951,63.06766968889383,63.464698561953334,89182800
2019-11-15,63.9483528137207,63.95316265888821,63.28663561107302,63.44784987184769,100206400
2019-11-18,64.27078247070312,64.35018529631039,63.580191577203664,63.95796632642828,86703200
2019-11-19,64.07588195800781,64.4873476799983,63.859321438185184,64.46328376817914,76167200
2019-11-20,63.32994079589844,64.02534154140798,62.65859661743068,63.89540964359442,106234400
2019-11-21,63.04600524902344,63.527254078451136,62.84628287257729,63.45025250335686,121395200
2019-11-22,62.990665435791016,63.327538182207164,62.764477875352654,63.185570644191614,65325200
2019-11-25,64.0951156616211,64.11196113080011,63.16871031932938,63.21442953951619,84020400
2019-11-26,63.59463882446289,64.28522983057158,63.16391899690021,64.23229215710982,105207600
2019-11-27,64.44884490966797,64.48253585383468,63.8400654100489,63.905031361017265,65235600
2019-11-29,64.30687713623047,64.48734545373158,63.98203269607354,64.15047272971776,46617600
2019-12-02,63.563350677490234,64.54750372068722,63.39250938731946,64.3116891343449,94487200
2019-12-03,62.43000411987305,62.449250841018284,61.66963012734118,62.15568877645392,114430400
2019-12-04,62.98103332519531,63.358815426886686,62.72597202752109,62.819819076069386,67181600
2019-12-05,63.905025482177734,63.97962580264489,63.21925181077436,63.47431308955241,74424400
2019-12-06,65.13943481445312,65.2092179525118,64.31890465939279,64.36222263596946,106075600
2019-12-09,64.22749328613281,65.16111015619538,63.743835702466114,64.9686134979566,128042400
2019-12-10,64.60286712646484,64.98545919270826,63.97242478057521,64.63174089096974,90420400
2019-12-11,65.15387725830078,65.23328743607989,64.60766242070665,64.68225540996873,78756800
2019-12-12,65.31989288330078,65.58458117297278,64.32371175724688,64.43439691719212,137310400
2019-12-13,66.20783233642578,66.24392454420413,65.1923966123569,65.31992730869193,133587600
2019-12-16,67.34113311767578,67.56491936417281,66.64814109575056,66.65295093960472,128186000
2019-12-17,67.47350311279297,67.80074884102518,67.08609392860065,67.27137945536563,114158400
2019-12-18,67.31226348876953,67.8320130444866,67.16307754415392,67.32670036448889,116028400
2019-12-19,67.379638671875,67.65876384392536,67.12217615688571,67.25451663334493,98369200
2019-12-20,67.2401123046875,68.01251491007969,67.02836156523712,67.91145673015473,275978000
2019-12-23,68.33734130859375,68.39749741890061,67.46387341201411,67.50237420380351,98572000
2019-12-24,68.40230560302734,68.55149892131642,68.07746848987897,68.50337109692963,48478800
2019-12-26,69.75942993164062,69.7762754042592,68.50577869758881,68.53465245449213,93121200
2019-12-27,69.73295593261719,70.73636302317358,69.32870865807601,70.050581938303,146266000
2019-12-30,70.1468505859375,70.42838447792381,68.63091919508567,69.65116471054014,144114400
2019-12-31,70.65934753417969,70.66656597182994,69.66556767244613,69.76422454918179,100805600
2020-01-02,72.27156066894531,72.33171678614215,71.0299375288093,71.28259028372564,135480400
2020-01-03,71.56891632080078,72.32688174170664,71.34513738245916,71.50154177990413,146322800
2020-01-06,72.13919067382812,72.17769145821572,70.44279162661955,70.693043053502,118387200
2020-01-07,71.7999267578125,72.40388908002937,71.5809576466451,72.14882777323544,108872000
2020-01-08,72.9549331665039,73.2557137520239,71.50396791568657,71.50396791568657,132079200
2020-01-09,74.50455474853516,74.69705138445374,73.67921459070213,73.92945874874111,170108400
2020-01-10,74.6729736328125,75.23604124225797,74.17247806619659,74.73794692643483,140644800
2020-01-13,76.268310546875,76.29478305034202,74.87028331939693,74.98819427311953,121532000
2020-01-14,75.23844146728516,76.4150983993522,75.11572800719021,76.2057563300334,161954400
2020-01-15,74.91600036621094,75.91699875877144,74.48528063092401,75.03872116096186,121923600
2020-01-16,75.85445404052734,75.96514658164989,75.09648844399511,75.45742514170341,108829200
2020-01-17,76.69424438476562,76.69664563617623,75.79671241638258,76.10230286730719,137816400
2020-01-21,76.17446899414062,76.76399437532534,76.0373113220916,76.32365494902595,110843200
2020-01-22,76.44638061523438,76.99740524586852,76.35253356734525,76.65812393494353,101832400
2020-01-23,76.8145523071289,76.89395515129645,75.95311259111175,76.49933483845827,104472000
2020-01-24,76.59315490722656,77.80108679471296,76.40305956833261,77.05996684733118,146537600
2020-01-27,74.34090423583984,75.01945939831474,73.3615612587431,74.60799376962629,161940000
2020-01-28,76.44397735595703,76.61481864871986,75.120542963226,75.21919986278621,162234000
2020-01-29,78.04413604736328,78.8887302471814,77.33188970578509,78.07060855632155,216229200
2020-01-30,77.93103790283203,77.9839755745144,76.69904191816083,77.1297617312458,126743200
2020-01-31,74.47565460205078,77.64467359137022,74.18209256314945,77.22358092411761,199588400
2020-02-03,74.2711410522461,75.43335387455234,72.72151906032097,73.22201466798846,173788400
2020-02-04,76.72307586669922,76.91317116030791,75.46701645941087,75.87126360713593,136616400
2020-02-05,77.3487319946289,78.14519833259766,76.74717087270234,77.8468190226948,118826800
2020-02-06,78.25344848632812,78.25585707985009,77.06236227335305,77.61820397472934,105425600
2020-02-07,77.18977355957031,78.00260098507661,76.70014712861753,77.7541699853459,117684000
2020-02-10,77.55640411376953,77.55640411376953,75.69920332307832,75.7787945932457,109348800
2020-02-11,77.0885009765625,78.12323187691563,76.8714264684187,78.05087616110221,94323200
2020-02-12,78.91915893554688,78.92398019498478,77.53710627398911,77.53710627398911,113730400
2020-02-13,78.35718536376953,78.68280077942906,77.99057083277162,78.19317418101016,94747600
2020-02-14,78.3764877319336,78.62491882489209,77.86997566415033,78.32583137266305,80113600
2020-02-18,76.94136047363281,77.12225708916644,75.88250875090567,76.0634053664393,152531200
2020-02-19,78.05567932128906,78.28481796940162,77.18255286966328,77.18255286966328,93984000
2020-02-20,77.2549057006836,78.30410746194534,76.75080805425196,77.81689526489554,100566000
2020-02-21,75.50625610351562,77.2911088758147,74.89121045948235,76.84971694338334,129554000
2020-02-24,71.91967010498047,73.36684305832843,69.76097486599113,71.69777437412706,222195200
2020-02-25,69.48358917236328,72.96886672904328,69.01326241271661,72.58778111739974,230673600
2020-02-26,70.58586120605469,71.84731631381621,69.10251036153399,69.10974593206521,198054800
2020-02-27,65.97179412841797,68.98191678336323,65.83672522986622,67.80006024068396,320605600
2020-02-28,65.93319702148438,67.151238688421,61.835287914284685,62.04995543810668,426510000
2020-03-02,72.0716323852539,72.70597777742344,66.98481977694166,68.08467075383604,341397200
2020-03-03,69.78267669677734,73.32342450844571,68.93366391267253,73.24383324028676,319475600
2020-03-04,73.01953887939453,73.1787288266117,70.70165316345202,71.50000984977326,219178400
2020-03-05,70.65096282958984,72.25008221702244,70.28675540458299,71.27806500786156,187572800
2020-03-06,69.71273040771484,70.14447238483373,67.83140857783133,68.01712645055636,226176800
2020-03-09,64.19901275634766,67.07405914136177,63.43441974354321,63.61531637779285,286744800
2020-03-10,68.8227310180664,69.08804757078283,64.9708381447339,66.84493210656007,285290000
2020-03-11,66.43246459960938,67.82898839120944,65.5713950302336,66.90521300673807,255598800
2020-03-12,59.87195587158203,65.12278275616039,59.816481938991764,61.731574731862445,418474000
2020-03-13,67.04512786865234,67.51546213922724,61.01041412848334,63.890293287918134,370732000
2020-03-16,58.419960021972656,62.4889229945198,57.88691638094368,58.35724684046864,322423600
2020-03-17,60.98868942260742,62.1343642760622,57.50100115086754,59.698292128180576,324056000
2020-03-18,59.49569320678711,60.298874658885616,57.19227545874743,57.83144573834236,300233600
2020-03-19,59.03982925415039,60.98386423258545,58.51643550459872,59.66934960367585,271857200
2020-03-20,55.29166030883789,60.740266023209095,54.99257655004273,59.61870468799079,401693200
2020-03-23,54.117027282714844,55.113165767293296,51.28056983554764,55.01186410993206,336752800
2020-03-24,59.546348571777344,59.741716345644676,56.51210862018161,57.00897078096802,287531200
2020-03-25,59.21832275390625,62.288740571318336,58.924063936740446,60.47977424301287,303602000
2020-03-26,62.334564208984375,62.392448772259634,59.42092219277503,59.45951435519265,252087200
2020-03-27,59.75376892089844,61.71468565033882,59.58734345256695,60.96215693824958,204216800
2020-03-30,61.459022521972656,61.630272940074015,60.154154031335516,60.47735878660068,167976400
2020-03-31,61.33360290527344,63.3114052959559,60.78126682215682,61.64957210604245,197002000
2020-04-01,58.106414794921875,59.990151255793265,57.67708705496906,59.454696896013616,176218400
2020-04-02,59.07601547241211,59.1290787799157,57.139215789585435,57.968928946530895,165934000
2020-04-03,58.22700881958008,59.26173593576545,57.63849118766615,58.56227043050136,129880000
2020-04-06,63.30657958984375,63.460940873525914,60.14933155714907,60.51594604650854,201820400
2020-04-07,62.573341369628906,65.53281460871749,62.46962908019549,65.31573278898928,202887200
2020-04-08,64.17487335205078,64.48842448399525,63.00748829000569,63.371688404036405,168895200
2020-04-09,64.63796997070312,65.13966065726305,63.84444219472263,64.80922404965942,161834800
2020-04-13,65.90666198730469,66.0152028927721,64.11698836636067,64.71515578008704,131022800
2020-04-14,69.23516082763672,69.5245983530926,67.06440146882377,67.53473560751405,194994800
2020-04-15,68.60321807861328,69.06148794812431,67.68667833959124,68.11359162380347,131154400
2020-04-16,69.1483383178711,69.51254587742164,68.10155073366812,69.3147638013278,157125200
2020-04-17,68.21006774902344,69.21103471741856,66.7773662410789,68.66593066550611,215250000
2020-04-20,66.79425811767578,67.93993657233999,66.77496571925322,67.04028220194732,130015200
2020-04-21,64.7296371459961,66.87145442951221,64.02052176535352,66.63749449289608,180991600
2020-04-22,66.59405517578125,67.0282039760379,65.6533945347586,65.99347359056304,116862400
2020-04-23,66.33597564697266,67.9568091535092,66.29738349673369,66.53857891520222,124814400
2020-04-24,68.2510986328125,68.26074851489837,66.81116104086111,66.85940309058712,126161200
2020-04-27,68.29932403564453,68.62976064968919,67.52267433285353,67.96888006089833,117087600
2020-04-28,67.19224548339844,68.94091302319053,67.10059736775176,68.76001638114307,112004800
2020-04-29,69.399169921875,69.86708968672151,68.47298027123995,68.67558356725064,137280800
2020-04-30,70.86321258544922,71.03928789471824,69.54870194183862,69.93702304111527,183064000
2020-05-01,69.7223892211914,72.11745891629081,68.94573936920324,69.04221610297073,240616800
2020-05-04,70.70886993408203,70.83670324791197,69.05909368437592,69.74650229526233,133568000
2020-05-05,71.77012634277344,72.59983938170623,71.02241888364539,71.16713764358983,147751200
2020-05-06,72.51061248779297,73.14012928036907,72.08610600468356,72.46960600947763,142333600
2020-05-07,73.26070404052734,73.60561913010429,72.8337907414733,73.13528505567275,115215200
2020-05-08,75.00444793701172,75.05765488198482,73.59205412028582,73.91855094713767,133838400
2020-05-11,76.18466186523438,76.67802725492889,74.3054951964832,74.5134886448119,145946400
2020-05-12,75.31402587890625,77.31653072784458,75.19310165522488,76.86668877782286,162301200
2020-05-13,74.40464782714844,76.41199367992591,73.33084049882564,75.49296546688427,200622400
2020-05-14,74.86175537109375,74.92221747074527,72.92454733645849,73.6452582213304,158929200
2020-05-15,74.4191665649414,74.46511834982786,72.60530362666714,72.63916594421597,166348400
2020-05-18,76.17256927490234,76.54501787394523,75.0503965474728,75.73966595706034,135178400
2020-05-19,75.73238372802734,77.0335214428362,75.70094226666468,76.18947319836802,101729600
2020-05-20,77.20526885986328,77.27539958314759,76.54985436932522,76.58855099973772,111504800
2020-05-21,76.62968444824219,77.60675427308676,76.3926703052991,77.06742956137252,102688800
2020-05-22,77.123046875,77.20527445284804,76.26690139409212,76.368473598234,81803200
2020-05-26,76.60063934326172,78.41691564137308,76.5450115593525,78.2379502036352,125522000
2020-05-27,76.93439483642578,77.07950535982266,75.72031846461518,76.45796054995435,112945200
2020-05-28,76.96824645996094,78.22344013486418,76.334604889172,76.61030820274443,133560800
2020-05-29,76.89328002929688,77.66961131806718,76.53776259003484,77.21010083931498,153532400
2020-06-01,77.83890533447266,77.95982952875313,76.71672526884876,76.84732546524727,80791200
2020-06-02,78.19927978515625,78.22346610716285,77.13272719613947,77.57289316252022,87642800
2020-06-03,78.62975311279297,78.89095352620157,77.94773883188212,78.5185049118518,104491200
2020-06-04,77.95258331298828,78.75068013452528,77.58013468531132,78.45321130607884,87560400
2020-06-05,80.17273712158203,80.23319921594221,78.17265369717333,78.20167432156592,137250400
2020-06-08,80.64676666259766,80.68062898183005,79.16182130122834,79.87043535299438,95654400
2020-06-09,83.19342803955078,83.58522126328481,80.29608895604107,80.32753042867137,147712400
2020-06-10,85.33378601074219,85.800551637391,83.70130935970825,84.13905436012791,166651600
2020-06-11,81.23686981201172,84.90329215862222,81.13529762500492,84.4800574912979,201662400
2020-06-12,81.93824768066406,84.11488361837434,80.83058508428364,83.36999367827895,200146000
2020-06-15,82.95156860351562,83.60214129780755,80.4339262304824,80.59596788300412,138808800
2020-06-16,85.14999389648438,85.42087034388683,83.36999295446795,85.00004904742227,165428800
2020-06-17,85.0314712524414,85.95291299210936,84.9105470621372,85.89245089695726,114406400
2020-06-18,85.06531524658203,85.48129466685762,84.45827358020233,84.98792201010629,96820400
2020-06-19,84.57923126220703,86.23347359915019,83.47398219153365,85.76912875753186,264476000
2020-06-22,86.79215240478516,86.93484210515909,84.92508206837101,84.97103386449825,135445200
2020-06-23,88.64469909667969,90.05951379803278,87.61442248881565,88.03282290304573,212155600
2020-06-24,87.07994079589844,89.19128014209528,86.70749216559717,88.27467257128609,192623200
2020-06-25,88.23596954345703,88.27466617320825,86.47773432903298,87.2347210034187,137522400
2020-06-26,85.52484130859375,88.35204937887517,85.37730996316603,88.13196647381191,205256800
2020-06-29,87.49591064453125,87.59023505976948,84.95650253776073,85.43294416349418,130646000
2020-06-30,88.22628784179688,88.51167454519887,87.06541854675757,87.08476317006986,140223200
2020-07-01,88.05939483642578,88.84540193519308,88.01102959718467,88.30366401968902,110737200
2020-07-02,88.05939483642578,89.59755410455415,87.94573320292766,88.96391263967875,114041600
2020-07-06,90.41500091552734,90.88176642762795,89.45244189159348,89.48388335583479,118655600
2020-07-07,90.13447570800781,91.56863486785247,90.02322751685155,90.79230361416894,112424400
2020-07-08,92.23371887207031,92.26516034352021,91.02205608216732,91.10912534007682,117092000
2020-07-09,92.63035583496094,93.17692818708905,91.58556900054663,93.12372124513385,125642800
2020-07-10,92.79241180419922,92.8504604512018,91.61703187636013,92.22648731516976,90257200
2020-07-13,92.36433410644531,96.69584034150665,92.15150630871287,94.09354889207897,191649200
2020-07-14,93.89282989501953,94.08388486357734,90.8165172013005,91.7476278639513,170989200
2020-07-15,94.53850555419922,96.01136091773036,93.3437742788431,95.76225744666925,153198000
2020-07-16,93.375244140625,94.22896866329947,92.77787832126056,93.41394076875463,110577600
2020-07-17,93.18661499023438,93.97987752001936,92.71500761457771,93.82509836770011,92186800
2020-07-20,95.15040588378906,95.28826123103211,92.9302395381322,93.27366748344572,90318000
2020-07-21,93.8371810913086,96.01381673517915,93.58807752951296,95.93884432011826,103433200
2020-07-22,94.10079193115234,94.78038533647508,93.45263999834938,93.53970187859424,89001600
2020-07-23,89.81766510009766,93.91215697447913,89.00989228366163,93.83476371071059,197004400
2020-07-24,89.59515380859375,89.93858177491317,86.23829692519554,88.0207257853986,185438800
2020-07-27,91.71857452392578,91.81047808647506,90.43194679011566,90.6544431599045,121214000
2020-07-28,90.2118911743164,91.46708519909006,90.20704948179555,91.29053317654228,103625600
2020-07-29,91.94107818603516,92.12488531095718,90.65686391835999,90.69313969811391,90329200
2020-07-30,93.0536117553711,93.15760481726485,90.71009969017368,91.11640331382533,158130000
2020-07-31,102.79522705078125,102.94517185023635,97.53743878530429,99.53027425272276,374336800
2020-08-03,105.38543701171875,107.9973966979683,104.37451250261263,104.67198130172932,308151200
2020-08-04,106.08920288085938,107.177520504938,104.85335391870223,105.57406469122863,173071600
2020-08-05,106.47374725341797,106.79298888024711,105.34673293855269,105.81108506672477,121776800
2020-08-06,110.18855285644531,110.68192568980469,106.21740601381943,106.80509589113738,202428800
2020-08-07,107.68331909179688,110.16673452744945,106.88862644814542,109.7112386108564,198045600
2020-08-10,109.24847412109375,110.26364648269501,106.6051500806847,109.12490669471406,212403600
2020-08-11,105.99944305419922,109.01103688460056,105.74019692749955,108.51435673757749,187902400
2020-08-12,109.52225494384766,109.77907584610773,106.89346742029055,107.0872920051885,165598000
2020-08-13,111.4605484008789,112.46118443380263,110.41145251692377,110.8984466622293,210082000
2020-08-14,111.3612060546875,111.45085012066804,109.55618389407232,111.28609846459923,165565200
2020-08-17,111.07044219970703,112.50476918474725,110.4453516645563,112.48053926454652,119561600
2020-08-18,111.9959945678711,112.41999238397445,110.4889848914492,110.82333863803461,105633600
2020-08-19,112.13650512695312,113.54660235506186,112.04201803934366,112.40301949215254,145538000
2020-08-20,114.62479400634766,114.73866801271163,112.1607574830829,112.17771917197317,126907200
2020-08-21,120.53165435791016,121.01379798138913,115.569666838942,115.5817781022112,338054800
2020-08-24,121.9732666015625,124.81042301409434,120.11252368244841,124.72561457851019,345937600
2020-08-25,120.97259521484375,121.31664230836016,119.25479974513105,120.8490352015246,211495600
2020-08-26,122.61772155761719,123.07321745146164,121.22216092863566,122.28579308436115,163022400
2020-08-27,121.15191650390625,123.5505310416234,120.01075143908814,123.21860253348014,155552400
2020-08-28,120.95565795898438,122.54019279849011,120.73275303132817,122.12346328551597,187630000
2020-08-31,125.05754089355469,126.9570575746163,122.1113683542111,123.64260792240353,225702700
2020-09-01,130.03887939453125,130.63975477764288,126.50153297923832,128.66270574189053,151948100
2020-09-02,127.34474182128906,133.72167236376214,123.08054004967816,133.34370909213243,200119000
2020-09-03,117.14936828613281,124.86370387094604,116.78109860380435,122.99327511596653,257599600
2020-09-04,117.22689819335938,119.88233348649146,107.46768160963626,116.36436621062012,332607200
2020-09-08,109.338134765625,115.31771368004287,109.202456054635,110.4332579025972,231366600
2020-09-09,113.69925689697266,115.46308756005234,111.70283521072183,113.6411109896637,176940500
2020-09-10,109.98744201660156,116.78109976625105,109.02799770708086,116.64542107173031,182274400
2020-09-11,108.54344177246094,111.67376035548035,106.60516602652415,111.03412581023233,180860300
2020-09-14,111.79975128173828,112.35215960156188,109.3187605672934,111.17950360312706,140150100
2020-09-15,111.97418212890625,115.16264637332723,110.10374588199468,114.6780774740645,184642000
2020-09-16,108.6694107055664,112.41997637221431,108.58219185919356,111.67374357548836,154679000
2020-09-17,106.93466186523438,108.73725877422822,105.35496990474392,106.33380115819288,178011000
2020-09-18,103.54267120361328,107.45798850796619,102.81581790836313,106.99280653960918,287104900
2020-09-21,106.68270111083984,106.78930687065947,99.91811535962182,101.31367629258035,195713800
2020-09-22,108.35930633544922,109.37690408898602,105.791096813168,109.20245897106359,183055400
2020-09-23,103.81405639648438,108.65005253506956,103.47485221017152,108.17517702574132,150718700
2020-09-24,104.8801040649414,106.84745280660479,101.75947886343313,101.92423053085801,167743300
2020-09-25,108.81478881835938,108.96985441233768,104.34706305845842,105.08360984198643,149981400
2020-09-28,111.41207885742188,111.76096905147743,109.29935819072301,111.46053870423745,137672400
2020-09-29,110.5689468383789,111.75129633828752,110.06499835009019,111.0147568087837,99382200
2020-09-30,112.2358627319336,113.6411171846329,110.11345566616853,110.2782073418153,142675200
2020-10-01,113.18560028076172,114.08689869652889,112.25522891512048,114.00936590090853,116120400
2020-10-02,109.53195190429688,111.80943167027127,108.75664609356778,109.40596665096126,144712000
2020-10-05,112.9045639038086,113.0499360657336,110.04561009300302,110.39450032404892,106243800
2020-10-06,109.66764068603516,112.53628778325715,108.78572170928096,112.1292442741749,161498200
2020-10-07,111.52840423583984,111.98390028467438,110.60771868774512,111.08260163743097,96849000
2020-10-08,111.4217758178711,112.80764318962937,111.05349871590646,112.66227103853464,83477200
2020-10-09,113.36005401611328,113.38912696820374,111.37331849200241,111.72220870495784,100506900
2020-10-12,120.56073760986328,121.31666387202866,115.59874966676792,116.35467592893329,240226800
2020-10-13,117.36257934570312,121.52018115565947,115.95733257416443,121.4038819645373,262330500
2020-10-14,117.44981384277344,119.23302386837867,115.92826777316701,117.26567529237093,150712000
2020-10-15,116.984619140625,117.45949457685697,114.50362881948811,115.0560370517392,112559200
2020-10-16,115.3467788696289,117.79870373934006,115.14326081684207,117.53703239008934,115393800
2020-10-19,112.40059661865234,116.703563090536,112.09047284235501,116.25776062422946,120639300
2020-10-20,113.88338470458984,115.30801845057066,112.06140091237076,112.6138091614312,124423700
2020-10-21,113.26312255859375,115.04633232866423,112.85607911635273,113.06929058754238,89946000
2020-10-22,112.17768859863281,114.39701481541562,111.05348531931205,113.825219728469,101988000
2020-10-23,111.48960876464844,112.95300885211658,110.75306199696499,112.79794326147403,82572600
2020-10-26,111.49929809570312,112.9530046815979,109.39626361538546,110.491393975544,111850700
2020-10-27,113.00146484375,113.66047883675716,111.00504336225823,111.92572130525396,92276800
2020-10-28,107.76811218261719,111.86756801727019,107.67119988879593,111.49929834317572,143937800
2020-10-29,111.76097106933594,113.32128352260756,108.7372584642391,108.90201751002611,146129200
2020-10-30,105.50032806396484,108.53372632984272,104.39551170417884,107.63242799486639,190272600
2020-11-02,105.4131088256836,107.26416545991421,104.00786205893465,105.74261950243951,122866900
2020-11-03,107.03157806396484,108.0491682897085,105.37435335866708,106.27565178371685,107624400
2020-11-04,111.40238189697266,112.02262946819745,108.88262521463015,110.6173826820644,138235500
2020-11-05,115.35647583007812,115.92827100011738,113.26314194201399,114.30980518907859,126387100
2020-11-06,115.22541046142578,115.7205180962264,112.74013248938302,114.86620819105919,114457900
2020-11-09,112.92459869384766,118.42908863111414,112.66248329970261,116.982584063866,154515300
2020-11-10,112.58479309082031,114.15749993877138,110.79849953418882,112.17705482703222,138023400
2020-11-11,116.0020751953125,116.13798799149323,113.04110938515558,113.76921682470609,112295000
2020-11-12,115.73023223876953,117.011700843839,115.10891457611105,116.1282678012146,103162300
2020-11-13,115.7787857055664,116.17681389575209,114.42936059587085,115.95353177622367,81581900
2020-11-16,116.7884292602539,117.4582830279043,114.7011865774211,115.44870691157024,91183000
2020-11-17,115.90499877929688,117.14763432423658,115.48755020654131,116.06033192576038,74271000
2020-11-18,114.58467102050781,116.32242132257835,114.55554791373581,115.14774244040137,76322100
2020-11-19,115.17687225341797,115.58461058534773,113.4002885699786,114.1575190169027,74113000
2020-11-20,113.91483306884766,115.30309155816464,113.86629701660235,115.17688893429653,73604300
2020-11-23,110.52670288085938,114.18666026045105,110.42962337461562,113.7595015449486,127959300
2020-11-24,111.80815887451172,112.46830981108012,109.3034679028236,110.5849439032423,113874200
2020-11-25,112.64305114746094,113.34203533416394,111.80815419186463,112.17706662745255,76499200
2020-11-27,113.18670654296875,114.06043680969468,112.82751167148025,113.16729360668182,46691300
2020-11-30,115.57492065429688,117.43887387012144,113.40030116247651,113.5556343004744,169410200
2020-12-01,119.1377944946289,119.86590193418374,116.50690050184049,117.47771042124693,127728200
2020-12-02,119.48727416992188,119.76880990592802,117.36119829848747,118.45821072635326,89004200
2020-12-03,119.35135650634766,120.16683316485343,118.64266210929217,119.91442054863892,78967600
2020-12-04,118.6815185546875,119.27371322753666,117.97282401930184,119.02130056205368,78260400
2020-12-07,120.1376953125,120.93375893668696,118.68148082386364,118.73972703326832,86712000
2020-12-08,120.74933624267578,121.33182812514022,119.49699054608435,120.73963347620881,82225500
2020-12-09,118.22520446777344,122.27347915241411,117.46797408436613,120.89493115150903,115089200
2020-12-10,119.64260864257812,120.2542236129108,116.64280964087811,116.98259162067868,81312200
2020-12-11,118.83683013916016,119.17661208486537,117.03112333433712,118.8562430760472,86939800
2020-12-14,118.22520446777344,119.74937540549305,117.99221221288433,119.02126812811062,79184500
2020-12-15,124.14714813232422,124.16656847506606,120.50661157074111,120.71048072938689,157243700
2020-12-16,124.07920837402344,124.62285953660047,122.86569602420569,123.69089034743503,98208600
2020-12-17,124.94320678710938,125.79752407268884,124.30246882292478,125.13736576654637,94359800
2020-12-18,122.96277618408203,125.33155453096758,122.43853798895042,125.19564174778804,192541500
2020-12-21,124.4869384765625,124.56460503939759,119.84646874418631,121.3706398580424,121251600
2020-12-22,128.03038024902344,130.48652745671254,125.86546408305279,127.7682574980973,168904800
2020-12-23,127.13728332519531,128.56436038798336,126.96252982332469,128.30225235525478,88223700
2020-12-24,128.1177520751953,129.56426380208862,127.2731524108818,127.48673172125208,54930100
2020-12-28,132.6999969482422,133.33101740723168,129.61281401111586,130.07881339134244,124486200
2020-12-29,130.93313598632812,134.73870929323533,130.41860788701317,134.0203193956025,121047300
2020-12-30,129.8167266845703,132.02046974111198,129.5060603447114,131.62243404818764,96452100
2020-12-31,128.81675720214844,130.80692029298538,127.87507049302144,130.16618225748783,99116600
2021-01-04,125.63252258300781,129.70992152062252,123.05987466458058,129.62255217797144,143301900
2021-01-05,127.18577575683594,127.89447751624492,124.68108490808069,125.12766389601812,97664900
2021-01-06,122.9045181274414,127.22462614380248,122.69093878823239,123.99182776037331,155088000
2021-01-07,127.09845733642578,127.7877390297739,124.12778078135423,124.61318583449368,109578200
2021-01-08,128.19541931152344,128.75849069520498,126.42853860962131,128.56431691137144,105158200
2021-01-11,125.2150650024414,126.37033122968266,124.74908036749336,125.41894161275994,100384500
2021-01-12,125.04029083251953,125.90431086268742,123.15691766682359,124.74904496331433,91951100
2021-01-13,127.06932067871094,127.61297191015767,124.73938259725777,125.00149063238635,88636800
2021-01-14,125.14708709716797,127.1760758978846,125.00145674818756,126.9819169126251,90221800
2021-01-15,123.42876434326172,126.41886047356746,123.29285155612885,125.02089191255358,111598500
2021-01-19,124.09861755371094,124.95293491139884,123.23459743091543,124.05007410140924,90757300
2021-01-20,128.17605590820312,128.62263507066567,124.79764091875076,124.90443062194485,104319500
2021-01-21,132.874755859375,135.5930267381697,129.69050034270776,129.8943769543058,120150900
2021-01-22,135.0105438232422,135.7677743821565,131.07876065141238,132.30197582810843,114459400
2021-01-25,138.74813842773438,140.8547939706266,132.55436700322258,138.89376878953092,157611700
2021-01-26,138.9811248779297,140.08784738058793,137.24336716103608,139.40828353042602,98390600
2021-01-27,137.9132080078125,140.08782682258447,136.31137810940206,139.2432124060488,140843800
2021-01-28,133.0883331298828,137.8453107957744,132.70971784009862,135.44740902267984,142621100
2021-01-29,128.10809326171875,132.7485638456348,126.40917577307293,131.8651231963266,177523800
2021-02-01,130.22442626953125,131.42823575703017,127.1081202867018,129.84581103922318,106239800
2021-02-02,131.04962158203125,132.33108282824628,130.68070911395654,131.76801136085197,83305400
2021-02-03,130.03024291992188,131.80682630276928,129.70987396760063,131.79710872600307,89880900
2021-02-04,133.3795623779297,133.38926514344305,130.66129188255576,132.3213832150557,84183100
2021-02-05,132.96636962890625,133.60806525933478,132.09134092233725,133.54001472396752,75693800
2021-02-08,133.11216735839844,133.16078334273837,131.17736393158722,132.25657350766537,71297200
2021-02-09,132.2371368408203,134.05527394815869,132.08158644572234,132.83021630146237,76774200
2021-02-10,131.63433837890625,133.1899609934861,130.67179521713933,132.69409868188646,73046600
2021-02-11,131.3815460205078,132.6065887223786,130.0592713492993,132.13017580944882,64280000
2021-02-12,131.61488342285156,131.7704486448014,129.98149309892653,130.62318851283254,60145100
2021-02-16,129.49533081054688,132.2370966991434,129.10641785206735,131.73153210638867,80576300
2021-02-17,127.21053314208984,128.55225709344114,125.8785412883954,127.60916342263837,97918500
2021-02-18,126.11190795898438,126.393856958418,123.87570598415513,125.61604564080127,96856700
2021-02-19,126.26747131347656,127.08418144033098,125.22716025236211,126.62721780066286,87668800
2021-02-22,122.50482177734375,126.1216319880877,122.11591609767342,124.45906002205308,103916400
2021-02-23,122.36870574951172,123.1951256816812,115.10591870921408,120.32696020598745,158273000
2021-02-24,121.87285614013672,122.07702996162088,118.83940802921852,121.47423317945595,111039900
2021-02-25,117.63380432128906,122.952070827566,117.19629003176654,121.22144819930787,148199500
2021-02-26,117.89632415771484,121.38673620225251,117.83798347678476,119.18942513713463,164560400
2021-03-01,124.24518585205078,124.38130174579385,119.38388273905605,120.31725204661986,116307900
2021-03-02,121.64923858642578,125.14937496490815,121.54228933610958,124.84797657824923,102260900
2021-03-03,118.67411041259766,122.22286260620939,118.46021192268415,121.34782670099902,112966300
2021-03-04,116.79765319824219,120.1713983779594,115.3295451588436,118.37271790565526,178155000
2021-03-05,118.05186462402344,118.55744422295456,114.30866329373481,117.62407506080334,153766600
2021-03-08,113.13221740722656,117.64350493701029,112.98637686796793,117.575447007724,154376600
2021-03-09,117.73103332519531,118.67412730069942,115.49483838005335,115.72817884872909,129525800
2021-03-10,116.6518325805664,118.78107829664711,116.1365282204776,118.31439735247595,111943300
2021-03-11,118.57688903808594,119.79221465640565,117.89630965893046,119.14080190524842,103026500
2021-03-12,117.67269897460938,117.80881486489184,115.85457640393945,117.06017746833828,88105100
2021-03-15,120.55056762695312,120.56029230814386,117.07959821769512,118.0421413761026,92403800
2021-03-16,122.08674621582031,123.69097746560344,121.26032630464678,122.21313740579694,115227900
2021-03-17,121.2992172241211,122.36870224795845,118.9463412703685,120.60891318675553,111932600
2021-03-18,117.18656921386719,119.76306129363483,116.98239537750578,119.47138014582727,121229700
2021-03-19,116.66151428222656,118.06157152345834,116.36011595525602,116.57401441352837,185549500
2021-03-22,119.96721649169922,120.43390477213393,116.92404394954326,116.99210188442348,111912300
2021-03-23,119.14080810546875,120.79364806529563,118.75190240381558,119.90889482634996,95467100
2021-03-24,116.75877380371094,119.49083117848545,116.73933185520713,119.41304854895056,88530500
2021-03-25,117.24488067626953,118.28520644839449,115.69899016650163,116.22401168427893,98844700
2021-03-26,117.84770202636719,118.11021653249013,115.62122444554402,117.01155734823239,94071200
2021-03-29,118.022705078125,119.17969748186921,117.381016985914,118.275494892758,80819200
2021-03-30,116.57402801513672,117.06015823420087,115.56287626935224,116.77820181701264,85671900
2021-03-31,118.7616195678711,120.09361168317854,117.78935908416811,118.27548932601961,118323800
2021-04-01,119.58804321289062,120.7353109160336,119.09218827381586,120.22973871260609,75089100
2021-04-05,122.4075927734375,122.66038256872103,119.65609390540438,120.43390523654203,88651200
2021-04-06,122.7090072631836,123.60348521908364,122.16454371050696,122.99096372232243,80171300
2021-04-07,124.35211944580078,124.37156139198876,121.66867838856395,122.33954050731289,83466700
2021-04-08,126.74385070800781,126.77301732956983,124.95489535313669,125.3729601525352,88844600
2021-04-09,129.31063842773438,129.34952231767917,125.87856026382458,126.19940798905769,106686700
2021-04-12,127.5994644165039,129.16480430519968,127.00638495965602,128.84395658242786,91420000
2021-04-13,130.70094299316406,130.9245735402874,128.27029228063316,128.76615452071883,91266500
2021-04-14,128.3675537109375,131.25516860713591,128.00782207026887,131.19683535032675,87222800
2021-04-15,130.76902770996094,131.2551579244961,129.93288314753977,130.10789773924117,89347100
2021-04-16,130.43844604492188,130.93429345955573,129.58285222938275,130.57456189416538,84922400
2021-04-19,131.09957885742188,131.71210761044756,129.64118836775324,129.80647084298718,94264200
2021-04-20,129.4175567626953,131.7704246836556,128.1536155263412,131.27457731881103,94812300
2021-04-21,129.7967987060547,130.0398638721709,127.65782821133615,128.6884221419856,68847100
2021-04-22,128.28005981445312,130.42874732999832,127.7647629078915,129.3495375220918,84566500
2021-04-23,130.59402465820312,131.37182111341806,128.49393862388337,128.49393862388337,78657500
2021-04-26,130.98292541503906,131.31349039844014,129.85509976347652,131.08987465502372,66905100
2021-04-27,130.66207885742188,131.6537886519638,130.38984712331498,131.26487557787047,66015800
2021-04-28,129.8745574951172,131.27461496858584,129.38842725213598,130.5843034959248,107760100
2021-04-29,129.77734375,133.2677706601101,128.775916495569,132.68440835234537,151101000
2021-04-30,127.81336975097656,129.8551078660134,127.43418875564703,128.12448539137938,109839500
2021-05-03,128.86338806152344,130.35096013574108,128.17309147912826,128.3772578570978,75135100
2021-05-04,124.3034896850586,127.84252433773976,123.18538875024454,127.55084325291588,137564700
2021-05-05,124.54657745361328,126.83138075425876,124.4201788397563,125.6160551149203,84000900
2021-05-06,126.1410903930664,126.15080765787947,123.60348232032891,124.34240242288911,78128300
2021-05-07,126.8130874633789,127.835683170004,126.10212100699981,127.43639054602403,78973300
2021-05-10,123.54072570800781,126.16054372317713,123.50176833952001,126.03394527871879,88071200
2021-05-11,122.625244140625,122.97584556938226,119.56715410715378,120.2781130243474,126142800
2021-05-12,119.56717681884766,121.3883949923918,119.06074583190636,120.18074615402475,112172300
2021-05-13,121.70978546142578,122.85900193405529,121.01830882379365,121.32996037075966,105861300
2021-05-14,124.12506866455078,124.55359227820217,122.56681111085221,122.95637735686638,81918000
2021-05-17,122.97586822509766,123.61865372868071,121.90456648281831,123.51152281141687,74244600
2021-05-18,121.59290313720703,123.67707407576847,121.5247295992301,123.25829164809352,63342900
2021-05-19,121.43708801269531,121.66108360866002,119.65482729355216,119.94700386173781,92612000
2021-05-20,123.98872375488281,124.3880312073582,121.83637931031465,121.96299261493283,76857100
2021-05-21,122.15776824951172,124.66072150118845,121.94350644557427,124.48541706436308,79295400
2021-05-24,123.78422546386719,124.60231548530916,122.65449130041634,122.7226648496732,63092900
2021-05-25,123.58943176269531,124.9723924215316,123.02456103094238,124.48542900111524,72009500
2021-05-26,123.54072570800781,124.06663903705564,123.12194328471185,123.64785661375969,56575900
2021-05-27,122.01170349121094,124.3101365812093,121.81692404847594,123.1414450640804,94625600
2021-05-28,121.35916137695312,122.51811890538758,121.30072904118603,122.29411590101695,71311100
2021-06-01,121.03778839111328,122.07987398745031,120.7066618606694,121.81692100329542,67637100
2021-06-02,121.79743194580078,121.97273640244447,120.81378617886122,121.03778177713107,59278900
2021-06-03,120.31709289550781,121.59291527515944,119.91778539724056,121.42735201359653,76229200
2021-06-04,122.60576629638672,122.86872666566839,120.61898516439692,120.83324696740925,75169300
2021-06-07,122.61550903320312,123.02455024570587,121.57342360305104,122.878461975424,71057600
2021-06-08,123.43359375,125.10873085926178,122.91742162506401,123.2972466766342,74403800
2021-06-09,123.81339263916016,124.41722057244405,123.21930590344638,123.89130735900775,56877900
2021-06-10,122.82006072998047,124.84579976710832,122.65449744925097,123.70631691474892,71186400
2021-06-11,124.02769470214844,124.11535064804697,122.81030467281765,123.2290871401218,53522400
2021-06-14,127.0760269165039,127.13445925571631,123.75499103493249,124.48542499652146,96906500
2021-06-15,126.25794219970703,127.19290419262148,126.01446421684268,126.5501187512876,62746300
2021-06-16,126.75463104248047,127.47533121654288,125.10873237290743,126.96889285474992,91815000
2021-06-17,128.35186767578125,129.0920503743114,126.26769639966578,126.41379212945316,96721700
2021-06-18,127.05656433105469,128.07916002857564,126.84230250511071,127.30004232774398,108953300
2021-06-21,128.84857177734375,128.955702701089,125.83918700220758,126.90074760795298,79663300
2021-06-22,130.4847412109375,130.58213836687776,128.18630802151114,128.6830127117991,74783600
2021-06-23,130.2120361328125,130.815871699919,129.75429628741554,130.2802171084206,60214200
2021-06-24,129.92958068847656,131.12748807728477,129.46209231078763,130.94244245203893,68711000
2021-06-25,129.63739013671875,130.3970400923511,129.34521364746473,129.9782651843007,70783700
2021-06-28,131.26385498046875,131.72159479819973,129.87116798746578,129.9296003283306,62111300
2021-06-29,132.7734832763672,132.9293128316368,130.84514082726,131.28339844832195,64556100
2021-06-30,133.3870086669922,133.8252661428457,132.32543317658508,132.6176097807272,63261400
2021-07-01,133.6888885498047,133.74732088516166,132.21827209331306,133.03636937045857,52485800
2021-07-02,136.3087615966797,136.34771154697577,134.1564090399708,134.30248992948265,78852600
2021-07-06,138.31504821777344,139.41555916433376,136.4159219411456,136.4159219411456,108181800
2021-07-07,140.7984619140625,141.11010601971827,138.93828646790567,139.7953189039971,104911600
2021-07-08,139.50314331054688,140.3017433261173,137.00018264096806,137.88644602005195,105575500
2021-07-09,141.32435607910156,141.8502619651795,138.92852627188464,139.02592340594762,99890800
2021-07-12,140.73025512695312,142.50278173643568,140.24329922685985,142.39565084398657,76299700
2021-07-13,141.84051513671875,143.61304176059716,139.8829577523025,140.2725165312551,100827100
2021-07-14,145.25894165039062,145.6679976912108,143.827290089665,144.23634613048517,127050800
2021-07-15,144.6064453125,146.08679566961968,143.25270826705687,145.3466279214185,106820300
2021-07-16,142.5709991455078,145.85307833791254,142.07430929851364,144.5870044305878,93251400
2021-07-19,138.73374938964844,140.31149679803218,137.97409928442224,139.99983785193092,121434600
2021-07-20,142.3372039794922,143.26243208036362,139.2304378127707,139.71739371398104,96350000
2021-07-21,141.60678100585938,142.31774737595725,140.85687956010295,141.73339430532917,74993500
2021-07-22,142.9702606201172,144.33373124740575,142.006082551789,142.13269584600698,77338200
2021-07-23,144.6843719482422,144.8402014430063,143.0871567787064,143.700726126391,71447400
2021-07-26,145.10313415527344,145.92121655552194,143.8467795270844,144.4019164234274,72434100
2021-07-27,142.9410400390625,145.31738722526956,141.75286644595897,145.22972386851797,104818600
2021-07-28,141.19775390625,143.13584408542147,138.82140631068384,141.0321906538661,118931200
2021-07-29,141.84051513671875,142.72677844865797,140.80817099785102,140.91530189117023,56699500
2021-07-30,142.0547637939453,142.51250349030116,140.3504182873009,140.61337861218294,70440600
2021-08-02,141.72369384765625,143.11638102630255,141.46073341799487,142.5417764502479,62880000
2021-08-03,143.5157012939453,144.17795445175804,141.39256498653242,142.00613442329242,64786600
2021-08-04,143.11636352539062,143.9344460279435,142.4638442773508,143.42802249439222,56368300
2021-08-05,143.22348022460938,143.9831303102646,142.35669923658142,143.1455654900914,46397700
2021-08-06,142.54074096679688,143.48685218422662,142.0433070322341,142.74557545925379,54126800
2021-08-09,142.4919891357422,143.08696622193483,141.93603523588163,142.59928057367807,48908700
2021-08-10,142.01405334472656,144.0720871817776,141.7214390067462,142.83336158468475,69023100
2021-08-11,142.26760864257812,143.1064282624458,141.94573444022404,142.45293150602257,48493500
2021-08-12,145.22303771972656,145.3791007055084,142.24815216632183,142.5895380873464,72282600
2021-08-13,145.42782592773438,145.7594485046543,144.61826619020815,145.30102293180235,59375000
2021-08-16,147.39810180664062,147.4663849394875,142.86263134674047,144.88164213986906,103296000
2021-08-17,146.49098205566406,147.9442754116722,145.41806793520456,146.52999034959836,92229700
2021-08-18,142.75534057617188,147.00795993561067,142.5505060596621,146.11062014748856,86326000
2021-08-19,143.0869598388672,144.35494544436725,140.94114605885855,141.45809163231115,86960300
2021-08-20,144.54019165039062,144.8425541970679,143.16491534165567,143.8086635988903,60549600
2021-08-23,146.02281188964844,146.49098584387335,144.24762936861552,144.65728343893502,60131800
2021-08-24,145.9350128173828,147.1444782861979,145.47658722985506,145.76920152361467,48606400
2021-08-25,144.7060546875,146.6177885615759,144.15984926147306,146.12033978338724,58991300
2021-08-26,143.90625,145.44733817166107,143.87699005673284,144.6963131171606,48597200
2021-08-27,144.94017028808594,145.08647001894514,143.2137590490284,143.84774439339665,55802400
2021-08-30,149.34881591796875,149.70971334019745,144.9498976782118,145.33029180641267,90956700
2021-08-31,148.0906219482422,149.03673327230263,147.56391312712373,148.90018188960238,86453100
2021-09-01,148.75381469726562,151.1629820772436,148.58800342565723,149.06594053769027,80313700
2021-09-02,149.86578369140625,150.9094380524186,148.64656965264444,150.08036655286702,71115500
2021-09-03,150.49978637695312,150.8216606743961,149.3195806196622,149.9730775691431,57808700
2021-09-07,152.83091735839844,153.3868712092461,150.58756059759483,151.1532776856572,82278300
2021-09-08,151.28981018066406,153.17226923823645,150.18763608775444,153.11374935418493,74420200
2021-09-09,150.27545166015625,152.2652024090621,150.15839699282031,151.6604770125975,57305700
2021-09-10,145.30105590820312,151.65071737057013,145.03770150418336,151.18254333907822,140893200
2021-09-13,145.8667755126953,147.69071501388157,145.08647552487224,146.92017826380882,102404300
2021-09-14,144.47193908691406,147.34929527061283,143.2917485822126,146.64702700212126,109296300
2021-09-15,145.35955810546875,145.75946384011283,142.76506733146184,144.9011324843855,83281300
2021-09-16,145.12545776367188,145.301032298818,143.59413289330473,144.78408681235823,68034100
2021-09-17,142.46267700195312,145.15471031932145,142.17006274358968,145.15471031932145,129868800
2021-09-20,139.41952514648438,141.2727239872893,137.7906574556132,140.25834475382314,123478900
2021-09-21,139.89749145507812,141.03868891632874,139.26350609481372,140.3851770808151,75834000
2021-09-22,142.25787353515625,142.82357564689215,140.16081684875996,140.89234513594866,76404300
2021-09-23,143.2137451171875,143.457587900221,142.0530510886709,143.03817057425258,64838200
2021-09-24,143.30152893066406,143.83798604484667,141.97502355876833,142.07256662788618,53477900
2021-09-27,141.78970336914062,142.36518367517027,140.2778899497781,141.8872464401241,74150700
2021-09-28,138.4149169921875,141.18496735666514,138.2003341585889,139.7219107001194,108972300
2021-09-29,139.312255859375,140.89235227723765,138.53195600356045,138.96112166840754,74602000
2021-09-30,138.0150146484375,140.82408826037346,137.80043180958225,140.12181985738948,89056700
2021-10-01,139.13665771484375,139.40001203413104,135.68385115865894,138.40512951469634,94639600
2021-10-04,135.71316528320312,138.70756238856447,134.86459699477155,138.26863338683822,98322000
2021-10-05,137.63465881347656,138.7368332577452,135.92775886392107,136.0545619084437,80861100
2021-10-06,138.50270080566406,138.64900052233625,134.96209883237336,136.035013031244,83221100
2021-10-07,139.76092529296875,140.66802820004892,139.20497147758243,139.53659409609236,61732700
2021-10-08,139.38052368164062,140.62899749402928,139.04890108087716,140.48269778280476,58773200
2021-10-11,139.29273986816406,141.24348200456123,138.31736879996546,138.76604603984862,64452200
2021-10-12,138.0247802734375,139.72193160685052,137.56635459515326,139.70242001460875,73035900
2021-10-13,137.43954467773438,137.91746698955632,135.77165355544514,137.76141892529833,78762700
2021-10-14,140.21934509277344,140.3363997461316,138.024760100328,138.60998871817293,69907100
2021-10-15,141.2727508544922,141.3312707409973,139.97550546602724,140.22911148485912,67940300
2021-10-18,142.9406280517578,143.22347910319027,139.63412084083484,139.91697189226727,85589200
2021-10-19,145.0962371826172,145.49614300945177,142.94067482594585,143.38933731406476,76378900
2021-10-20,145.58392333984375,146.06186066249072,144.47200058855057,145.03771776138194,58418800
2021-10-21,145.7985076904297,145.9545706809791,144.228159195118,145.14501066086328,61421000
2021-10-22,145.0279541015625,146.48124774454206,144.97918256227808,146.00332535531382,58883400
2021-10-25,144.97915649414062,145.69117321411855,143.98427382696465,145.0181647887637,50720600
2021-10-26,145.64244079589844,147.1249943659197,145.34006320959406,145.65218915043056,60893400
2021-10-27,145.18402099609375,146.0423376021523,144.83288673993832,145.68145499107032,56094900
2021-10-28,148.81239318847656,149.39760698679012,146.0325792767904,146.13012235133445,100077900
2021-10-29,146.11058044433594,146.24713179057537,142.80407331191392,143.59412144965486,124953200
2021-11-01,145.29132080078125,146.01308606451772,144.15988647877995,145.32058075023082,74588300
2021-11-02,146.32521057128906,147.8370391039872,144.988941733531,144.9987049719068,69122000
2021-11-03,147.7589569091797,148.22713081802038,146.13008913879244,146.686042864982,54511500
2021-11-04,147.2420196533203,148.67580139860405,146.92989377476803,147.84674493928904,60394600
2021-11-05,147.76947021484375,148.6681193629179,146.57777973692555,148.36531545380285,65463900
2021-11-08,146.94900512695312,148.0527879681065,146.67550378830177,147.89649723038997,55020900
2021-11-09,147.31039428710938,147.91600218212633,146.57779832196186,146.71454897260128,56787900
2021-11-10,144.48745727539062,146.64617992683026,144.4190894029692,146.5387319232798,65187100
2021-11-11,144.43861389160156,145.96241109507744,144.25302053135974,145.50333134171993,41000000
2021-11-12,146.50942993164062,146.90990439693277,144.05766590459464,144.9856178095641,63804000
2021-11-15,146.5191650390625,148.35554334372281,145.96238505765794,146.8805742099881,59222800
2021-11-16,147.49600219726562,147.97463697406297,145.87451939068316,146.4606021824879,59256200
2021-11-17,149.92820739746094,151.40316186672771,147.48622091573952,147.49598349597346,88807000
2021-11-18,154.20655822753906,154.98799688592075,149.4984160214015,150.1431040324191,137827700
2021-11-19,156.82440185546875,157.2834965855034,152.897682743032,153.99168810581827,117305600
2021-11-22,157.28350830078125,161.85490096838612,157.26396823078883,157.9281815634673,117467900
2021-11-23,157.6643829345703,158.04533214291368,155.36891020179667,157.3811042204667,96041900
2021-11-24,158.18215942382812,158.37751541168896,155.9355283016625,157.0197711747025,69463600
2021-11-26,153.17120361328125,156.7267364003775,152.73164889573968,155.8671670363227,76959800
2021-11-29,156.52157592773438,157.44952783966656,155.10521179906075,155.67175446958956,88748200
2021-11-30,161.46412658691406,161.67902255964896,156.20896764318036,156.277350409369,174048100
2021-12-01,160.94642639160156,166.3480985309432,160.71199035690174,163.59353101584716,152052500
2021-12-02,159.9599151611328,160.38970726884503,154.1382263513205,155.0564158714864,136739200
2021-12-03,158.08444213867188,161.13205157338396,156.01364225594332,160.21386222018816,118023100
2021-12-06,161.4836883544922,163.98428011365826,160.46781363689186,160.47757621707362,107497000
2021-12-07,167.20767211914062,167.59839885439817,164.43357936996645,165.15641265166715,120405400
2021-12-08,171.01719665527344,171.87678065417452,166.73883163036436,168.1356556285786,116998900
2021-12-09,170.50927734375,172.6484600825667,169.8841293433167,170.85116144440897,108923700
2021-12-10,175.2857666015625,175.46159735855395,170.6362302385688,171.14416754190958,115402700
2021-12-13,171.661865234375,177.90358129097453,171.45673183795216,176.91700933892764,153237000
2021-12-14,170.2846221923828,173.6154957034132,168.21382219359762,171.18327152968024,139380400
2021-12-15,175.13929748535156,175.33465344975855,168.31149697974806,171.04652519555987,131063300
2021-12-16,168.2626495361328,176.93659123544322,166.78769490587976,175.11975249855263,150185800
2021-12-17,167.16860961914062,169.44454258569772,165.75226057944147,165.98668171971096,195432700
2021-12-20,165.8109130859375,166.6216545378973,163.5740596088574,164.37502357405398,107499100
2021-12-21,168.97572326660156,169.18084181030284,165.1955175809284,167.57889907243998,91185900
2021-12-22,171.564208984375,171.77910499631244,168.15519034473417,169.02453697313442,92135300
2021-12-23,172.18934631347656,172.74612637491737,171.20278915942293,171.76933180091095,68356600
2021-12-27,176.1453857421875,176.2332936859138,172.96104046356876,172.9805656257053,74919600
2021-12-28,175.1295166015625,177.12218615208815,174.38715798933583,175.9793381325386,79144300
2021-12-29,175.21742248535156,176.43841575185178,174.0061917992903,175.16857977375096,62348900
2021-12-30,174.06478881835938,176.3798020768136,173.95734081982604,175.30532209148024,59773000
2021-12-31,173.44944763183594,175.07091555859822,173.14662874511,173.9573701608435,64062300
2022-01-03,177.786376953125,178.63619837680892,173.5861721636794,173.70338274431063,104487900
2022-01-04,175.52999877929688,178.69481886787932,174.96345608354855,178.39201490568885,99310400
2022-01-05,170.86093139648438,175.9891036993743,170.58743006603996,175.44210103848545,94537600
2022-01-06,168.00868225097656,171.23210762394186,167.65703557565845,168.69243553501073,96904000
2022-01-07,168.17471313476562,170.09899955917385,167.06116796216358,168.8780063916408,86709100
2022-01-10,168.1942596435547,168.4970635759533,164.26754129298973,165.15642793014217,106765600
2022-01-11,171.01719665527344,171.1148671703379,166.85605711502512,168.3212489833143,76138300
2022-01-12,171.456787109375,173.06849253983535,170.76327115991117,172.03309245435602,74805200
2022-01-13,168.1942596435547,172.52145244084235,167.80353287215138,171.70094857794888,84505800
2022-01-14,169.0538330078125,169.74734876331195,167.11976914653764,167.36396777404897,80440800
2022-01-18,165.8597412109375,168.53614912039677,165.47879187832885,167.53005178287384,90956700
2022-01-19,162.37257385253906,167.1100339648471,162.08930995625335,166.05509393247632,94815000
2022-01-20,160.6925048828125,165.74253213798244,160.37016081486053,163.1051891966637,91420500
2022-01-21,158.64122009277344,162.470253269675,158.5337720868401,160.60457194151562,122848900
2022-01-24,157.86952209472656,158.5337501042213,151.11010595295735,156.30665983978236,162294600
2022-01-25,156.07225036621094,158.98309429431202,153.37630245676536,155.29081165334586,115798400
2022-01-26,155.9843292236328,160.575260779249,154.15772812433738,159.70591419723806,108275300
2022-01-27,155.5252227783203,160.0380086364196,154.60703355591713,158.68026486629398,121954600
2022-01-28,166.37741088867188,166.39695095221313,159.02214941138433,161.8646250162313,179935700
2022-01-31,170.72415161132812,170.9390476064095,165.57644011866424,166.2113655240236,115541600
2022-02-01,170.55812072753906,170.78277933201363,168.31148996868112,169.9720379540269,86213900
2022-02-02,171.7595672607422,171.79864739328102,169.30781806090394,170.69486467196293,84914300
2022-02-03,168.8877716064453,172.15027672857178,168.12587305039293,170.43110878285196,89418100
2022-02-04,168.6041717529297,170.27662529840396,166.93171820745542,167.90975737649003,82465400
2022-02-07,167.89019775390625,170.12990075671365,167.19578341710826,169.0638417050099,77251200
2022-02-08,170.99057006835938,171.49915455646115,167.6652283214683,167.9586430232075,74829200
2022-02-09,172.4087371826172,172.77060688626915,171.05903840340724,172.18379236064646,71285000
2022-02-10,168.340087890625,171.62629991772872,167.78261335475796,170.31573108381698,90865900
2022-02-11,164.93649291992188,169.27898837706067,164.34966356269592,168.54545914237346,98670700
2022-02-14,165.17124938964844,165.85587378073802,162.90219149496014,163.69440078491326,86185500
2022-02-15,168.995361328125,169.15185115822308,166.5111487010071,167.21533801275692,62527400
2022-02-16,168.7606658935547,169.5333102903167,166.31556790878483,168.07604144255788,61177400
2022-02-17,165.17124938964844,168.13470669398032,164.77024977354867,167.274027503072,69589300
2022-02-18,163.6259765625,166.7948143179217,162.54035235125863,166.09063975736873,82772700
2022-02-22,160.71141052246094,163.02935867994262,158.58905229899906,161.35690506054718,91162800
2022-02-23,156.55470275878906,162.5011664749462,156.24172312968074,161.9045621151873,90009200
2022-02-24,159.1660919189453,159.27367681919955,148.66194638721413,149.22921086821898,141147500
2022-02-25,161.229736328125,161.49379611504713,157.33713033388693,160.2419073795577,91974200
2022-02-28,161.4938201904297,161.78723492110947,158.86289248069977,159.479061922758,95056600
2022-03-01,159.61598205566406,162.94132403155473,158.41299811175085,161.08304074169718,83474400
2022-03-02,162.90219116210938,163.6846254319098,159.37146939131958,160.7798480922219,79724800
2022-03-03,162.57945251464844,165.20060533866413,161.91439302006907,164.77026570160976,76678400
2022-03-04,159.58665466308594,161.91439273743828,158.54016047816125,160.87767357199544,83737200
2022-03-07,155.80162048339844,161.39600492959968,155.54732078440395,159.7724565579089,96418800
2022-03-08,153.98248291015625,159.30301816152476,152.37849933499598,155.33218168421902,131148300
2022-03-09,159.37147521972656,159.8213797915154,155.90922322313332,157.9337564869507,91454900
2022-03-10,155.03872680664062,156.86765472923312,152.55449970426292,156.68182495499752,105342000
2022-03-11,151.33200073242188,155.78208206231224,151.10705589580672,155.4397623739769,96970100
2022-03-14,147.31227111816406,150.7354085874783,146.80370143921206,148.12404550887342,108732100
2022-03-15,151.6841278076172,152.15359746728902,147.0775705652768,147.58614031104247,92964300
2022-03-16,156.0852508544922,156.48625045296393,151.06792059745445,153.60103819497576,102300200
2022-03-17,157.09263610839844,157.4642957434988,154.16830873861088,155.12678288189394,75615400
2022-03-18,160.3788299560547,160.86784945274542,156.25150421008976,156.98503345512586,123511700
2022-03-21,161.74813842773438,162.69683770871782,159.43017522147943,159.91919485399893,95811400
2022-03-22,165.11256408691406,165.69937857870127,161.2884277154457,161.8752422072329,81532000
2022-03-23,166.4720458984375,168.84867380689857,163.9682532045546,164.30079784879288,98062700
2022-03-24,170.24725341796875,170.3157083866542,166.47202233591315,167.30334651961118,90131400
2022-03-25,170.8829803466797,171.430679815148,168.95624226558783,170.06143114397722,80546200
2022-03-28,171.7436981201172,171.87083307439428,168.22275085370143,168.38901573521346,90371900
2022-03-29,175.0299072265625,175.07879724912362,172.46743429498167,172.80975399507543,100589400
2022-03-30,173.8660430908203,175.66563174403498,172.81953392128133,174.62891251824163,92633200
2022-03-31,170.77542114257812,174.1203133341303,170.5700263491638,173.93448350287292,103049300
2022-04-01,170.48199462890625,171.0394840841696,168.16404671715162,170.20814487239906,78751300
2022-04-04,174.52133178710938,174.57023673592576,170.60917466091976,170.73632454310336,76468400
2022-04-05,171.2155303955078,174.38438259894033,170.58958593943765,173.60194829792937,73401800
2022-04-06,168.05645751953125,169.81693085468368,166.39379406221198,168.57481703992445,89058800
2022-04-07,168.3596649169922,169.55287391806212,166.11996174699982,167.401190693142,77594700
2022-04-08,166.35467529296875,168.00756384278074,165.48422104719532,168.00756384278074,76575500
2022-04-11,162.11001586914062,165.31798361672782,161.8655060412837,165.00501879739264,72246700
2022-04-12,163.97802734375,166.13948524268093,162.98042335456353,164.33012199148104,79265200
2022-04-13,166.65782165527344,167.28376595081318,163.10755061630556,163.7139299553221,70618900
2022-04-14,161.66009521484375,167.50878046321276,161.4155854111937,166.87304601950618,75329400
2022-04-18,161.44493103027344,162.94132974863555,159.977872292766,160.32017704396847,69023900
2022-04-19,163.7237548828125,164.1345444765827,160.31040765157212,161.39603175237912,67723800
2022-04-20,163.55747985839844,165.17125338034182,162.45230578739907,165.05387853639598,67929800
2022-04-21,162.76528930664062,167.76307044383682,162.26649466439048,165.2006123983915,87227800
2022-04-22,158.23695373535156,164.18343379206294,157.95332893712188,162.80440987833427,84882400
2022-04-25,159.30299377441406,159.58661851207708,154.9800632753819,157.58163561913904,96046400
2022-04-26,153.35655212402344,158.7748828167284,153.2783071958642,158.6868628689345,95623200
2022-04-27,153.131591796875,156.28086402556207,151.96772285920957,152.48608239761126,88063200
2022-04-28,160.04632568359375,160.9070049099631,155.43975472715812,155.7527344180899,130216800
2022-04-29,154.1878662109375,162.55010393809633,153.79665651995063,158.28585264208988,131747600
2022-05-02,154.49105834960938,154.75511815394006,149.9040527150275,153.26850950984627,123055300
2022-05-03,155.97769165039062,157.18069064394373,152.88709903691972,154.67689768841237,88966500
2022-05-04,162.37403869628906,162.82392827829534,155.7624855158091,156.163485086847,108256500
2022-05-05,153.3271942138672,160.47665766238154,151.5471558846843,160.25171284753384,130525300
2022-05-06,154.052001953125,156.16767394547392,151.0156200226824,152.8080631040653,116124600
2022-05-09,148.93914794921875,152.63177739233632,148.38085428930862,151.75023984870148,131577900
2022-05-10,151.33885192871094,153.52309446613708,149.79127784510368,152.328132388233,115366700
2022-05-11,143.4932403564453,152.25954795565056,142.81739949520818,150.34957266016625,142689800
2022-05-12,139.63412475585938,143.19941752795359,135.95129962230052,139.8398213340432,182602000
2022-05-13,144.0906982421875,145.06038475011871,140.17279469669467,141.62241482375455,113990900
2022-05-16,142.55296325683594,144.4923369438145,141.22087499257742,142.56276758428663,86643800
2022-05-17,146.17701721191406,146.69613834453236,143.66954586445135,145.80481151470883,78336300
2022-05-18,137.9298553466797,144.33562356857507,137.02872402723415,143.83609605190958,109742900
2022-05-19,134.53109741210938,138.75263855251626,133.79649006900493,137.00917165386505,136095600
2022-05-20,134.76609802246094,137.8122689524701,129.88831177177445,136.2353120090451,137426100
2022-05-23,140.17283630371094,140.31975175202894,134.82488980062982,134.96201586760006,117726300
2022-05-24,137.47926330566406,139.05622039365426,134.51145197634384,137.92002455292192,104132700
2022-05-25,137.635986328125,138.87991021944293,135.50072064953915,135.58886991195646,92482700
2022-05-26,140.8291015625,141.37760590054086,134.32537951243148,134.5702485880299,90601500
2022-05-27,146.56881713867188,146.6079896103765,142.27870662441157,142.4060433122878,90978500
2022-05-31,145.78524780273438,147.567901829154,143.8262952175465,146.01053811087894,103718400
2022-06-01,145.6578826904297,148.62569377792533,144.64900865939228,146.823446577346,74286600
2022-06-02,148.1065673828125,148.16533354946895,143.84584095281429,144.79593383540592,72348100
2022-06-03,142.39625549316406,144.93309527765794,141.49513917786348,143.88504856420633,88570300
2022-06-06,143.140625,145.52075950090375,141.92606935448035,144.01235806018857,71598400
2022-06-07,145.6578826904297,145.94192415465892,141.1424977278199,141.38736672807937,67808200
2022-06-08,144.92327880859375,146.79406665216868,144.43354079753493,145.5305491597089,53950200
2022-06-09,139.71249389648438,144.91351047437155,139.60475090946733,144.0613709060868,69473000
2022-06-10,134.3155517578125,137.8710395567264,134.24698126233585,137.40089525066517,91437900
2022-06-13,129.1732940673828,132.42514647480579,128.74232225475177,130.1429657001856,122207100
2022-06-14,130.03526306152344,131.14207601932122,128.7815346427886,130.3976794412042,84784300
2022-06-15,132.65045166015625,134.52125474775525,129.4475753177957,131.5338494146611,91533000
2022-06-16,127.3906478881836,129.67282879246193,126.39157816992548,129.36919361966238,108123900
2022-06-17,128.85987854003906,130.34868645706888,127.14579529566508,127.40046865716874,134520300
2022-06-21,133.08139038085938,134.2469691337133,130.58373870544858,130.68167733148658,81000500
2022-06-22,132.57212829589844,134.93265491125933,131.1616799782049,132.02360899242208,73409200
2022-06-23,135.4321746826172,135.74559928638683,132.84635818263115,134.0119372202921,72433800
2022-06-24,138.75259399414062,138.99746302987265,136.90138468183136,137.0287064173905,89116800
2022-06-27,138.75259399414062,140.5450371291734,138.0767530642211,139.7712426067131,70207900
2022-06-28,134.61920166015625,140.47646473111445,134.50166930718802,139.21294709984699,67083400
2022-06-29,136.37245178222656,137.78289974267364,133.8649953839291,134.63878986432783,66242400
2022-06-30,133.91403198242188,135.53016227390663,131.0245792165662,134.43315334614127,98964500
2022-07-01,136.07864379882812,136.1863867964731,132.87576685593524,133.24795771047167,71051600
2022-07-05,138.6546630859375,138.70363989022064,134.11968301964518,134.94245447298385,73353800
2022-07-06,139.98670959472656,141.16207781793045,138.18447732277275,138.44894003031942,74064300
2022-07-07,143.34632873535156,143.54222096010838,140.33933002838788,140.34911940865916,66253700
2022-07-08,144.02215576171875,144.52169812610057,142.02403114104803,142.2786895406023,64547800
2022-07-11,141.89671325683594,143.63039032716094,140.8290877786715,142.68029721118097,63141600
2022-07-12,142.8663787841797,145.40321819395862,142.07300556646354,142.768425199881,77588800
2022-07-13,142.5039520263672,143.4442405073282,139.20310812771817,140.055262311508,71185600
2022-07-14,145.4228515625,145.89299601499977,140.30998393649415,141.12295108192205,78140700
2022-07-15,147.08792114257812,147.7637620290884,145.15835206929646,146.70592606919652,76259900
2022-07-18,144.0515899658203,148.45923341835072,143.68917356336667,147.64626627696484,81420900
2022-07-19,147.90089416503906,148.1261694879342,143.8948404199678,144.88410592104603,82982400
2022-07-20,149.89903259277344,150.56508418725386,147.28383290571463,148.01844006316782,64823400
2022-07-21,152.16163635253906,152.37712231601844,148.82161886422966,151.3290755894941,65086600
2022-07-22,150.92745971679688,153.0725146399616,150.26142318216912,152.20078156045275,66675400
2022-07-25,149.81085205078125,151.85795331530994,149.15460492057616,150.84909422530328,53623900
2022-07-26,148.4885711669922,149.9479808770686,147.70498735893062,149.1350139839463,55138700
2022-07-27,153.5720672607422,154.10099277980115,149.0371026048061,149.4484808165071,78620700
2022-07-28,154.1205596923828,154.4046011657363,151.24089776552904,153.75814339733685,81378700
2022-07-29,159.17462158203125,160.27164474239152,156.22640453209806,157.93069796196087,101786900
2022-08-01,158.1951904296875,160.2325026515257,157.58791998844677,157.7054523459462,67829400
2022-08-02,156.7259979248047,159.076750020311,156.35380709254014,156.81416215078264,59907000
2022-08-03,162.72036743164062,163.1709180629882,157.45078129075776,157.53893055181024,82507500
2022-08-04,162.40692138671875,163.7586031177134,161.0552396557241,162.60281360750764,55474100
2022-08-05,162.18133544921875,162.67175374212067,159.87636348602825,160.08234575425365,56697000
2022-08-08,161.71055603027344,164.59421857415984,161.05339717997808,163.18181120847004,60276900
2022-08-09,161.75958251953125,162.6423445061743,160.1215870695177,160.8768354992681,63135500
2022-08-10,165.99681091308594,166.09488560468589,163.70164162721542,164.46669306704544,70170500
2022-08-11,165.2611846923828,167.71327649760102,164.9669306824805,166.8010905635419,57149200
2022-08-12,168.802001953125,168.87065273956517,166.1537308916434,166.56569547580565,68039400
2022-08-15,169.87110900878906,170.06727335382837,168.0663730882192,168.2331135298216,54091700
2022-08-16,169.71417236328125,170.38114909928223,168.3704308785935,169.46896318920653,56377100
2022-08-17,171.20504760742188,172.7743773350279,169.26299514755854,169.45915949271176,79542000
2022-08-18,170.81271362304688,171.54834118381174,169.8024529702403,170.4203849105247,62290100
2022-08-19,168.2331085205078,170.41056710828244,168.02712623620275,169.71416649279175,70346300
2022-08-22,164.3588104248047,166.6049198473659,163.9370428679026,166.43817940694694,69026800
2022-08-23,164.02529907226562,165.4769480040651,163.4564120530002,163.87817957003261,54147100
2022-08-24,164.319580078125,164.88846719098774,163.06411023124903,164.11361274111158,53841500
2022-08-25,166.7716522216797,166.8795448504242,165.12385385508654,165.54560642521002,51218200
2022-08-26,160.48451232910156,167.77213753118554,160.42566451575846,167.3013400580589,78961000
2022-08-29,158.28744506835938,159.77830620497173,156.7573420791942,158.0618418321346,73314000
2022-08-30,155.86476135253906,159.44480926961938,154.6975633016655,159.02305667853338,77906200
2022-08-31,154.20713806152344,157.50274977749038,154.12866933419335,157.23791969354875,87991100
2022-09-01,154.93299865722656,155.38417523650494,151.7060369719439,153.63828680423725,74229900
2022-09-02,152.82415771484375,157.286967514474,152.00025851175562,156.6886565527691,76957800
2022-09-06,151.56871032714844,154.07965015411935,150.74481100262022,153.47153612406976,73714800
2022-09-07,152.97129821777344,153.6676838931478,150.66632598771957,151.85314497915547,87449600
2022-09-08,151.50003051757812,153.36361410419434,149.75412756943635,151.6765739248584,84923800
2022-09-09,154.35427856445312,154.79566708651402,151.7844910019974,152.49069467763707,68028800
2022-09-12,160.29812622070312,161.11222243462,156.24728104104713,156.53171708379904,104956000
2022-09-13,150.89190673828125,157.46350930410847,150.43091231518306,156.8357744463717,122656600
2022-09-14,152.33375549316406,154.08946168271527,150.66633598686377,151.82371618505977,87965400
2022-09-15,149.4500732421875,152.26508456095567,148.47905455230304,151.6863795720259,90481100
2022-09-16,147.81210327148438,148.44965617349064,145.52675172371437,148.312339619677,162278800
2022-09-19,151.5196533203125,151.5981220543988,146.24276190884032,146.44872924023372,81474200
2022-09-20,153.8932647705078,155.05065980282333,150.14647654096675,150.4603364872082,107689800
2022-09-21,150.7742156982422,155.69802002410492,150.6565200858437,154.32483969180942,101696800
2022-09-22,149.81300354003906,151.50984684718208,148.0180705759549,149.4599017279835,86652500
2022-09-23,147.54725646972656,148.5673350111051,145.7130966439831,148.29270193451399,96029900
2022-09-26,147.88075256347656,150.82326264584486,146.77240230987616,146.79202323434507,93339400
2022-09-27,148.85177612304688,151.75505941669135,147.07646404392761,149.81300689014782,84442700
2022-09-28,146.96853637695312,147.75320856386915,142.06435391669942,144.81069908771693,146691400
2022-09-29,139.74961853027344,143.9083718149734,137.98410935439225,143.30025780798485,128138200
2022-09-30,135.5516357421875,140.35774479295515,135.35547138562947,138.5726147256006,124925300
2022-10-03,139.7201690673828,140.32829792951577,135.05139229305564,135.5614315097669,114311700
2022-10-04,143.30023193359375,143.41792753527417,141.4954812316815,142.25072959734777,87830100
2022-10-05,143.594482421875,144.55571313373582,140.26944671107276,141.3091461524557,79471000
2022-10-06,142.64308166503906,144.7126478104947,142.43711432828448,143.0158044200555,68402200
2022-10-07,137.40541076660156,140.3577388347644,136.7776758724346,139.80845770678545,85925600
2022-10-10,137.72909545898438,139.1709266873786,135.91455644051044,137.72909545898438,74899000
2022-10-11,136.31666564941406,138.64125855443186,135.57123522583825,137.21903351996755,77033700
2022-10-12,135.68896484375,137.67025945099226,135.51242139642648,136.46383432846753,70433700
2022-10-13,140.24986267089844,140.83835578471064,131.79503908177543,132.40316808901153,113224000
2022-10-14,135.72816467285156,141.75050040665323,135.54180333634727,141.54451814883853,88598000
2022-10-17,139.68093872070312,140.1615390587515,137.58194907165392,138.36662131640782,85250900
2022-10-18,140.99526977539062,143.88873492707052,137.91544326382163,142.7019309504816,99136600
2022-10-19,141.10317993164062,142.1722884311379,138.78840452952474,138.97476591255997,61758300
2022-10-20,140.64215087890625,143.09424222902763,139.9163264513743,140.2792461483292,64522000
2022-10-21,144.4477996826172,145.01668666487555,139.91632474569775,140.13210997918807,86548600
2022-10-24,146.58602905273438,147.35108041478094,143.20214572577777,144.36934369172494,75981900
2022-10-25,149.420654296875,149.56778877679034,146.4977652190575,147.21377179556336,74732300
2022-10-26,146.48794555664062,149.07735346461445,145.20303709712394,148.06709300971718,88194300
2022-10-27,142.02517700195312,146.19373355952823,141.36801811707775,145.23251764978033,109180200
2022-10-28,152.75547790527344,154.48174471225758,144.98725482427943,145.3599625074013,164762400
2022-10-31,150.40147399902344,151.2842358798015,149.0086878845991,150.22493060269468,97943200
2022-11-01,147.7630615234375,152.47108127109797,146.27220032701106,152.10817643552318,80379300
2022-11-02,142.250732421875,149.2539052221096,142.22130852087065,146.09561013902547,93604600
2022-11-03,136.21861267089844,140.0634909361085,136.09109910411752,139.33766635298934,97918500
2022-11-04,135.9533233642578,140.16808578570755,132.02346880241154,139.59825507529519,140814800
2022-11-07,136.48385620117188,136.70981865595215,133.29084915754692,134.70559929239224,83374600
2022-11-08,137.05368041992188,138.94982808586678,135.07893386231837,137.94772594743225,89908500
2022-11-09,132.5048828125,136.12035725287217,132.2297941583769,136.07123106652006,74917800
2022-11-10,144.29446411132812,144.29446411132812,137.05371017047622,138.7632027049217,118854000
2022-11-11,147.0748291015625,147.3793904835366,141.83829520447486,143.26287971945007,93979700
2022-11-14,145.6797332763672,147.64466090619808,144.8446330372058,146.35763570725214,73374100
2022-11-15,147.4088592529297,150.89660867721872,145.95481705312972,149.5506380930854,89868300
2022-11-16,146.18077087402344,147.24183349471545,144.70707528826344,146.51481993344615,64218300
2022-11-17,148.07693481445312,148.82360185357618,143.58706836561342,143.86215701114332,80389400
2022-11-18,148.63694763183594,150.0222252429551,147.3401031595605,149.6390649453273,74829600
2022-11-21,145.41445922851562,147.73307435769456,145.12955132737417,147.52676535819396,58724100
2022-11-22,147.54640197753906,147.7821986794849,144.3533947208252,145.53236323934706,51804100
2022-11-23,148.4207763671875,149.16744327173927,146.7211036243146,146.82917521495273,58301400
2022-11-25,145.5126953125,146.2691965387926,144.5400508786952,145.70918504900035,35195900
2022-11-28,141.69090270996094,144.06846284178744,140.86563687733454,142.59476743015247,69246000
2022-11-29,138.6944122314453,142.27057984792378,137.8887997144492,141.7596944766532,83763800
2022-11-30,145.43411254882812,146.11201495746124,138.0852876520207,138.92037287256267,111380900
2022-12-01,145.70921325683594,146.51484082101652,144.0390276864429,145.61097586517099,71250400
2022-12-02,145.2179718017578,145.40464232225125,143.09584639700262,143.4004227674544,65447400
2022-12-05,144.0586395263672,148.27340168825526,143.21372024795548,145.17864740787067,68826400
2022-12-06,140.40390014648438,144.71691547188212,139.43125562304482,144.49095300364328,64727200
2022-12-07,138.4684295654297,140.85580904494128,137.54491133359693,139.69650913090823,69721100
2022-12-08,140.14845275878906,141.0032064446931,138.62564588690643,139.86354485762612,62128300
2022-12-09,139.66705322265625,143.01725827820258,138.42913927736055,139.84388950557997,76097000
2022-12-12,141.95619201660156,141.96601125722427,138.58633357333804,140.19757351667832,70462700
2022-12-13,142.9190216064453,147.34010905974955,141.71059523341404,146.87834983755218,93886200
2022-12-14,140.6986541748047,144.08815144991274,138.68460028950005,142.80112620848055,82291200
2022-12-15,134.1063232421875,139.31338494507114,133.64456400681874,138.63548245096763,98931900
2022-12-16,132.15121459960938,135.23615066480997,131.3848939522239,134.29299371012456,160156900
2022-12-19,130.04873657226562,132.82911109974094,129.01716151047765,132.74069295008061,79592600
2022-12-20,129.97994995117188,130.91328746393052,127.61220884643005,129.08590439011405,77432800
2022-12-21,133.07472229003906,134.41087369361549,130.42207295695286,130.64803543949063,85928000
2022-12-22,129.91119384765625,132.20033647277774,128.01504576681836,131.99402745433673,77852100
2022-12-23,129.5476531982422,130.09783042542833,127.36658276817921,128.62413499923468,63814900
2022-12-27,127.74974822998047,129.10555287498912,126.46272323679953,129.0760801645503,69007800
2022-12-28,123.82972717285156,128.73221899747332,123.66271014073895,127.39606774936588,85438400
2022-12-29,127.33712005615234,128.19185867326428,125.4900910087302,125.74552617249073,75703700
2022-12-30,127.6515121459961,127.67116561919678,125.19536018378078,126.15817798931155,77034200
2023-01-03,122.87673950195312,128.6044974020352,121.99252063798394,127.9953746812147,112117500
2023-01-04,124.14412689208984,126.4037966398773,122.886574422074,124.66483150899292,89113600
2023-01-05,122.82762145996094,125.52939692056383,122.57218626779334,124.90062068574457,80962700
2023-01-06,127.34695434570312,128.00520329992693,122.699904718632,123.80026688503307,87754700
2023-01-09,127.8676528930664,131.07049435820306,127.61221771125115,128.1820484933381,70790800
2023-01-10,128.4374542236328,128.95815869987555,125.87322378783952,127.97569516112263,63896200
2023-01-11,131.1490936279297,131.1687321095965,128.17222961380043,128.94836939344688,69458900
2023-01-12,131.0704803466797,131.90556546211644,129.1350257391296,131.53223946571177,71379600
2023-01-13,132.39683532714844,132.55403315564018,129.35120610397337,129.71471296505177,57809700
2023-01-17,133.55609130859375,134.88240804602194,131.7778347625997,132.46555621806655,63646600
2023-01-18,132.8389129638672,136.17928328311848,132.66206171643108,134.42067999537736,69672800
2023-01-19,132.89785766601562,133.86066781311564,131.42416224055012,131.72872356322017,58280400
2023-01-20,135.45228576660156,135.59966433835268,131.86629872212012,132.90770800117681,80223600
2023-01-23,138.635498046875,140.8067501207088,135.48178195598197,135.69792523903192,81760300
2023-01-24,140.0305633544922,140.64952034187644,137.83967329148908,137.84949253259393,66435100
2023-01-25,139.37232971191406,139.93232634052288,136.37581181311944,138.41933852785135,65799300
2023-01-26,141.4354705810547,141.72037843724186,139.4115829133593,140.6593159193217,54105100
2023-01-27,143.37091064453125,144.64811636457318,140.57089828761406,140.64949717713105,70555800
2023-01-30,140.49234008789062,142.99762607371383,140.34497649686972,142.41797596075202,64015300
2023-01-31,141.7596893310547,141.80881551729502,139.78494257033407,140.19757555057984,65874500
2023-02-01,142.87969970703125,144.03901475780756,138.84178798038548,141.44531098955775,77663600
2023-02-02,148.17518615722656,148.52885870656533,145.57164829200897,146.2888426135127,118339000
2023-02-03,151.7906494140625,154.62014981197694,145.23761799882098,145.43410775063012,154357300
2023-02-06,149.06922912597656,150.41521473457135,148.13589150827315,149.8945101165513,69858300
2023-02-07,151.93800354003906,152.50783427872634,147.99832954313612,147.99832954313612,83322600
2023-02-08,149.25592041015625,151.86927809622603,148.51907245296283,151.18155633442086,64120100
2023-02-09,148.22430419921875,151.62363543992853,147.782198500911,151.0832773681269,56007100
2023-02-10,148.58837890625,148.913088785703,146.82709018156558,147.06324691592152,57450700
2023-02-13,151.38287353515625,151.7862873807752,148.49985109109068,148.52936881115792,62199000
2023-02-14,150.74325561523438,151.30412220458746,148.44078385852455,149.68057287811524,61707600
2023-02-15,152.83908081054688,153.00635283510616,150.42837278798947,150.65468023132328,65573800
2023-02-16,151.24505615234375,153.8230360580732,150.89082864502956,151.0482514150965,68167900
2023-02-17,150.10369873046875,150.5464794908576,148.4309630722788,149.90690894964015,59144100
2023-02-21,146.0989532470703,148.87373860585663,146.0300835825423,147.79137232815333,58867200
2023-02-22,146.5220489501953,147.54536466728035,144.80011234851025,146.4826819914061,51011300
2023-02-23,147.00416564941406,147.92909389742377,144.87881554222116,147.68310298099968,48394200
2023-02-24,144.35736083984375,144.8296593421339,143.38323110315275,144.75094042273577,55469600
2023-02-27,145.5479278564453,146.7778826433076,145.08546365545737,145.3413038601465,44998500
2023-02-28,145.04612731933594,146.68934528974674,144.47542643511753,144.69189970203135,50547000
2023-03-01,142.97979736328125,144.8690063216874,142.6846051791963,144.47542675230628,55479000
2023-03-02,143.57015991210938,144.3573339453376,141.59238308918532,142.0646965175798,52238100
2023-03-03,148.60806274414062,148.68678165578146,144.96739941181147,145.66600535471582,70732300
2023-03-06,151.36314392089844,153.79353555974586,150.99908214162087,151.32377696340643,87558000
2023-03-07,149.16891479492188,151.55993956940895,148.7064506179963,151.23522972088062,56182000
2023-03-08,150.41851806640625,151.0089022608483,149.39520247867964,150.3594826497808,47204800
2023-03-09,148.1750946044922,152.0617483379844,147.8208670608722,151.09746808583355,53833600
2023-03-10,146.11862182617188,148.5194958597798,145.242894659562,147.80120650188752,68572400
2023-03-13,148.05702209472656,150.68420342446277,145.33143838738883,145.43967499711258,84457100
2023-03-14,150.14305114746094,150.94005952145656,147.69299059245188,148.85406081281639,73695900
2023-03-15,150.53663635253906,150.79246155107444,147.51586009545082,148.76549840164833,77167900
2023-03-16,153.3507537841797,153.95097226183628,149.20825986230471,149.71992520737962,76161100
2023-03-17,152.51438903808594,154.22649145558808,151.80593390078133,153.57707174404283,98944600
2023-03-20,154.8759002685547,155.28917828804447,151.67801783277878,152.58327776546486,73641400
2023-03-21,156.7257537841797,156.84382463636302,154.02968755125636,154.7971931327365,73938300
2023-03-22,155.2990264892578,159.5399085601911,155.27934300701256,156.7454546452784,75701800
2023-03-23,156.38134765625,158.95934282613845,155.15139299961646,156.28296029217628,67622100
2023-03-24,157.68019104003906,157.76874417421377,155.3186840441415,156.31248202721346,59196500
2023-03-27,155.74179077148438,158.19186606543823,155.33836200567538,157.37517430078694,52390300
2023-03-28,155.1218719482422,155.9484128704115,153.4786543640599,155.4367475403247,45992200
2023-03-29,158.19187927246094,158.4673879613573,156.79465234617297,156.81432081388166,51305700
2023-03-30,159.75637817382812,159.8646148025582,158.68386113447403,158.9396863414281,49501700
2023-03-31,162.255615234375,162.3540176143248,159.31357325147573,159.8350728342002,68749800
2023-04-03,163.50527954101562,163.62335040456196,161.58655293789977,161.63575413574327,56976200
2023-04-04,162.97390747070312,164.16449510354033,162.46224215834394,163.92835343175463,46278300
2023-04-05,161.1339111328125,162.40323287933546,159.20535043705326,162.0982064947886,51511700
2023-04-06,162.01950073242188,162.31469290771022,159.40215313314846,159.82525040692016,45390100
2023-04-10,159.43165588378906,159.43165588378906,157.51292944566782,158.8314373555464,47716900
2023-04-11,158.22140502929688,159.75638637804428,157.93604707794614,159.74655214369014,47644200
2023-04-12,157.5326385498047,159.46119953470492,157.21776287074414,158.6346733983191,50133100
2023-04-13,162.90505981445312,163.14121655398105,158.83144989570576,159.0380889195549,68445600
2023-04-14,162.5606689453125,163.65286938363687,161.19295983913122,161.9506011686896,49386500
2023-04-17,162.58035278320312,162.73779061232008,161.39959909302152,162.44259843625022,41516200
2023-04-18,163.80043029785156,164.72535853269454,162.99357289670127,163.4363685512365,49923000
2023-04-19,164.94186401367188,165.46336364998885,162.8853681685066,163.1412083770297,47720200
2023-04-20,163.9775390625,165.17797593709363,162.9050222690973,163.42652181136077,52456400
2023-04-21,162.37371826171875,163.78077935638615,161.85221862385353,162.4032359760057,58337300
2023-04-24,162.67874145507812,162.9444158925364,161.26183114076272,162.35403159020615,41949600
2023-04-25,161.14376831054688,163.6430299514636,161.10440134757968,162.54099521393778,48714100
2023-04-26,161.1339111328125,162.6295403559192,160.1893142654478,160.44513945575562,45498800
2023-04-27,165.70932006835938,165.85690860859063,162.54095594925062,162.54095594925062,64902300
2023-04-28,166.95896911621094,167.12625617335198,165.1878463008649,165.78806481489534,55275900
2023-05-01,166.87042236328125,167.71663185783257,165.9356597273935,166.56539597816914,52472900
2023-05-02,165.83724975585938,167.6182368189597,164.85328597063295,167.3623966257795,48425700
2023-05-03,164.76475524902344,168.17911124939818,164.47941231869004,166.78188428598025,65136000
2023-05-04,163.13134765625,164.36130237503923,161.67508547315035,162.24578626436005,81235400
2023-05-05,170.78659057617188,171.50487988988195,168.02163990321543,168.23811312336284,113453200
2023-05-08,170.71768188476562,171.0620751449253,169.3499731030825,169.7140348247824,55962800
2023-05-09,169.01547241210938,170.7570775926942,168.84820036158354,170.27494492179522,45326900
2023-05-10,170.7767333984375,171.23919752781075,169.14335009103814,170.24539961899495,53724500
2023-05-11,170.96371459960938,171.79024060925457,169.40904995436452,171.06211698775132,49514700
2023-05-12,170.03749084472656,171.50561502670146,168.4905238476374,171.0720697527437,45533100
2023-05-15,169.5448760986328,170.66814597161118,168.95367509817433,170.61887671576198,37266700
2023-05-16,169.5448760986328,170.59916600644908,169.2788341449399,169.4660482962473,42110300
2023-05-17,170.15573120117188,170.39219951568867,167.91903983890595,169.19011716888295,57951600
2023-05-18,172.48114013671875,172.66835428782517,170.04738624206732,170.4612209279976,65496700
2023-05-19,172.58949279785156,173.80143807257875,172.3727201425523,173.80143807257875,55809500
2023-05-22,171.64358520507812,172.14611049896482,170.90459157041087,171.42681253611994,43570900
2023-05-23,169.04234313964844,170.83564173486545,168.7664533611328,170.58931050155752,50747300
2023-05-24,169.31822204589844,169.8897122746601,168.0176010356781,168.57922839342694,45143500
2023-05-25,170.45135498046875,171.34798918728478,169.17042964019168,169.87986475065702,56058300
2023-05-26,172.8555145263672,173.1905363695113,170.56956891324683,170.7764937271046,54835000
2023-05-30,174.6980743408203,176.36327550868927,173.97879151124883,174.36306754730614,55964400
2023-05-31,174.64881896972656,176.71800704198733,174.16600441023556,174.72764675708407,99625300
2023-06-01,177.44715881347656,177.47671735788407,174.33352850038895,175.0922328882,68901800
2023-06-02,178.2945098876953,179.11233123154489,176.62930866038764,178.37333767160567,61996900
2023-06-05,176.94464111328125,182.2358308287415,175.4272324012079,179.949884959394,121946500
2023-06-06,176.58006286621094,177.4766970018392,174.82617090162998,177.328904296753,64848400
2023-06-07,175.21047973632812,178.55073052308683,174.71781728969785,175.82137635899298,61944600
2023-06-08,177.9201202392578,178.18614713091944,174.85575927069235,175.2892895872439,50214900
2023-06-09,178.30438232421875,179.55573399442156,177.9792233362159,178.83645110058313,48900000
2023-06-12,181.09286499023438,181.191403498661,178.3142564640164,178.6098569544308,54274900
2023-06-13,180.61990356445312,181.44757286544584,179.7626757194867,180.1173932820357,54929100
2023-06-14,181.25050354003906,181.684048880549,179.34883379218707,180.67901332162722,57462900
2023-06-15,183.28028869628906,183.7828140435399,181.08301826564116,181.26038457492544,65433200
2023-06-16,182.206298828125,184.24592881313302,181.56584358633398,183.98973468852344,101256200
2023-06-20,182.29495239257812,183.3689679486228,181.70376647980103,181.70376647980103,49799100
2023-06-21,181.2603302001953,182.68904794337553,179.91042519875955,182.1865227468729,49515700
2023-06-22,184.25575256347656,184.30502181445038,180.9746189088309,181.04359886716716,51245300
2023-06-23,183.94044494628906,184.80753566864925,182.29495416898448,182.82703803401998,53117000
2023-06-26,182.55113220214844,185.29033397781694,182.51171079012911,184.0882365039062,48088700
2023-06-27,185.30018615722656,185.6253451571229,182.94526040179295,183.1620330683905,50730800
2023-06-28,186.4727325439453,187.11318769857849,184.84695251457532,185.17209649255778,51216800
2023-06-29,186.80775451660156,187.28072131986815,186.1672993101183,186.30524420235466,46347300
2023-06-30,191.12347412109375,191.6259844129726,188.4532369978983,188.8178174385461,85213200
2023-07-03,189.6356201171875,191.0347795474039,188.9458807202263,190.93624105216273,31458200
2023-07-05,188.52220153808594,190.1479814937267,187.82261429340878,188.75868490984942,46920300
2023-07-06,188.9951171875,189.2020419776709,186.4234192703351,187.05402643985758,45094300
2023-07-07,187.88172912597656,189.84253092683244,187.4481988352347,188.60102706839623,46815000
2023-07-10,185.84210205078125,187.2018550195119,184.2951349736181,186.48255712554894,59922200
2023-07-11,185.31988525390625,186.5219826806886,183.86160879849567,186.384037813756,46638100
2023-07-12,186.985107421875,188.88677723101014,185.70418206587038,186.8964167558296,60750200
2023-07-13,187.7437744140625,188.38424453327508,186.99493300399138,187.7043680387378,41342300
2023-07-14,187.8916015625,188.37440112570727,186.8471596075647,187.43834550769154,41616200
2023-07-17,191.1431884765625,191.46834750746484,188.9951723122315,189.08384794751433,50520200
2023-07-18,190.88699340820312,191.47819437683242,189.5962201627232,190.5125801606121,48288200
2023-07-19,192.23684692382812,195.32090288181368,189.82278948215546,190.2661976064536,80507300
2023-07-20,190.29579162597656,193.58677299126168,189.67503216410122,192.22701989757815,59581200
2023-07-21,189.12322998046875,192.10876269219432,188.42364281090323,191.25153499324207,71951700
2023-07-24,189.92135620117188,192.04966138875844,189.4286937985748,190.57167418096722,45377800
2023-07-25,190.77857971191406,191.58655325087184,190.08885537064708,190.49284214012596,37283200
2023-07-26,191.6456756591797,192.7689453418544,190.48299959942145,190.82785426220883,47471900
2023-07-27,190.3844757080078,194.30606454519102,189.72430983845956,193.14338839624878,47460200
2023-07-28,192.95616149902344,193.74442436278966,191.29096014596897,191.8131810983056,48291400
2023-07-31,193.5670623779297,193.60648379116893,192.39452340931743,193.1827862905988,38824100
2023-08-01,192.73941040039062,193.8429695122176,192.41425136889904,193.36016991822595,35175100
2023-08-02,189.7538604736328,192.31569604997566,189.03457754647138,192.17775117305615,50389300
2023-08-03,188.36459350585938,189.5469805934198,187.8916416778087,188.7587325582912,61235200
2023-08-04,179.3192596435547,184.6301595328746,179.25027969317492,182.79745486603875,115956800
2023-08-07,176.22535705566406,180.44254624962392,174.74736976708382,179.4572213905704,97576100
2023-08-08,177.16139221191406,177.62449604499406,174.97397007455905,177.05300588853657,67823000
2023-08-09,175.5750274658203,178.27480777933516,174.41233639065635,178.2156906972674,60378500
2023-08-10,175.35826110839844,178.09746293161143,174.99369573264087,176.8460961883882,54686900
2023-08-11,175.4174346923828,176.23636037713308,174.19399178686675,174.953720563952,52036700
2023-08-14,177.065185546875,177.29211207450308,174.9438673937282,175.59506357405235,43675600
2023-08-15,175.08200073242188,177.08491002448199,174.68734458769583,176.4929258073929,43622600
2023-08-16,174.21372985839844,176.1574269074876,174.14465676238186,174.766254405872,46964900
2023-08-17,171.67803955078125,175.1411945839284,171.1649745274817,174.7761369036864,66062900
2023-08-18,172.16151428222656,172.76337470680727,169.6652772069575,170.0007364455324,61172200
2023-08-21,173.4934844970703,173.77962299820936,171.42151715942626,172.7337706675176,46311900
2023-08-22,174.8649444580078,175.30893640777694,173.89802631437342,174.69721483499137,42038900
2023-08-23,178.70303344726562,179.1273031269572,175.95027131734813,176.13773826499084,52722800
2023-08-24,174.0262908935547,178.68330576322634,173.66121814414575,178.25903609639087,54945800
2023-08-25,176.2265167236328,176.7593040006282,173.4737548580186,175.0129348306344,51449600
2023-08-28,177.78541564941406,178.1800717356574,176.16730160755293,177.68674410027091,43820700
2023-08-29,181.66299438476562,182.43258442181371,177.10465107991652,177.3019791564373,53003900
2023-08-30,185.1458740234375,185.34321714142652,182.27471834075723,182.47204640358012,60813900
2023-08-31,185.36293029785156,186.59624944883035,184.9781353249528,185.33333184264131,60794500
2023-09-01,186.93174743652344,187.38560051082152,185.76748618147488,186.96134589549212,45766500
2023-09-05,187.16854858398438,187.44481092436058,185.10644216647313,185.767499556314,45280000
2023-09-06,180.46914672851562,186.32988234003622,179.04836051297525,185.88587535630464,81755800
2023-09-07,175.19052124023438,175.83185624974686,171.22416252451072,172.84227669356144,112488800
2023-09-08,175.80224609375,177.8347687964352,175.417451102765,175.96999075471308,65551300
2023-09-11,176.96652221679688,177.8939807491613,174.9734739911946,177.66705421097663,58953100
2023-09-12,173.9473876953125,177.72628050216423,172.48714160257668,177.0948215116431,90370200
2023-09-13,171.88525390625,174.93401565723292,171.65831231126361,174.15454941477398,84267900
2023-09-14,173.39483642578125,173.75003299454158,171.2636570132194,171.6780505009118,60895800
2023-09-15,172.674560546875,174.14468255030425,171.5004532372104,174.12494522635322,109259500
2023-09-18,175.59506225585938,176.98624997924455,173.8190795297471,174.12494029407293,67257600
2023-09-19,176.68040466308594,177.23292932503867,174.76629061620125,175.1510856525732,51826900
2023-09-20,173.1481475830078,177.30195805066697,173.0593371622532,176.86782730089922,58436200
2023-09-21,171.6089630126953,173.94734650075085,171.53990496478352,172.22069958579337,63149100
2023-09-22,172.4574737548828,174.71692282922322,171.72735846610487,172.33907993619778,56725400
2023-09-25,173.73028564453125,174.60840835340898,171.82603288281885,171.87536866413782,46172700
2023-09-26,169.66526794433594,172.8620217812148,169.3692683155077,172.4871029695211,64588900
2023-09-27,168.1556854248047,170.7308568174817,166.79411110643792,170.31646332448594,66921800
2023-09-28,168.41221618652344,169.7343308371659,165.38317681816312,167.08022534636603,56294400
2023-09-29,168.92530822753906,170.7604882058458,168.06690763668684,169.72449683733615,51861100
2023-10-02,171.43138122558594,171.97404472395215,168.64900568223578,168.93514418826848,52164500
2023-10-03,170.099365234375,171.31296207551728,168.54046313149794,169.96123409658216,49594600
2023-10-04,171.34259033203125,171.88525384459265,168.68848474300435,168.80687858022958,53020300
2023-10-05,172.57589721679688,173.10868450108188,170.3756448658088,171.47083294671847,48527900
2023-10-06,175.12149047851562,175.61481822954005,170.8689926183437,171.48072926712837,57266700
2023-10-09,176.60147094726562,176.66066786762835,173.45403753652568,174.45055415802327,42390800
2023-10-10,176.00946044921875,177.32171396949087,175.57532965392068,175.72333700059065,43698000
2023-10-11,177.400634765625,177.4499705441094,175.22999600880442,175.82198018511957,47551100
2023-10-12,178.29849243164062,179.906730392158,176.6507647716162,177.6670336186698,56743100
2023-10-13,176.46336364746094,179.50224970831147,175.76283153303223,178.99906076200577,51427100
2023-10-16,176.3350830078125,176.69027961186137,174.15456759445175,174.39137034887403,52517000
2023-10-17,174.7860107421875,176.03906740635364,172.46737941742194,174.2926830064713,57549400
2023-10-18,173.4934844970703,175.21027033840411,172.77323025982977,173.23695950912395,54764400
2023-10-19,173.11856079101562,175.46679037407037,172.85215962113486,173.69080766680926,59302900
2023-10-20,170.572998046875,173.0790962513972,170.3361953203569,172.97056355030566,64244000
2023-10-23,170.6913604736328,171.6878768692555,167.662321590194,168.62925458750877,55980100
2023-10-24,171.12548828125,171.3524147723922,169.16203892177992,170.74069333750268,43816600
2023-10-25,168.8167266845703,170.75056262830392,168.37271975850888,169.5863166088348,57157000
2023-10-26,164.66290283203125,169.09299056011605,163.45918215856796,168.0964590692853,70625300
2023-10-27,165.9751434326172,166.70527372020223,164.60369326977082,164.68262749452305,58499100
2023-10-30,168.01754760742188,168.88580920893756,166.61649869462795,166.76450604315932,51131000
2023-10-31,168.49114990234375,168.61940486913602,165.65943861592592,167.09010101577766,44846000
2023-11-01,171.64842224121094,171.9049471971035,167.84979334743332,168.71805482147735,56934900
2023-11-02,175.2003936767578,175.40758286457637,173.11855033416663,173.17774724497193,77334800
2023-11-03,174.2926788330078,174.46042350768224,171.0367278993792,171.91485064572058,79829200
2023-11-06,176.83824157714844,177.0355696443862,173.85855313497558,174.02628274488598,63841300
2023-11-07,179.39369201660156,180.00541354681909,176.58171810512866,176.7889073081916,70530000
2023-11-08,180.4493865966797,181.00191115396063,179.1667317000403,179.91659936077735,49340300
2023-11-09,179.97579956054688,181.66297171772456,179.38380034968415,180.51846299464347,53763500
2023-11-10,184.15484619140625,184.32281184408907,181.3194195461175,181.75412225306079,66133400
2023-11-13,182.5741424560547,183.7893232540613,181.9912524470517,183.58186108306094,43627500
2023-11-14,185.18234252929688,185.8442707665973,184.05607409829287,185.43920547847273,60108400
2023-11-15,185.74545288085938,187.21751156501972,185.5182274044454,185.5873915048758,53790500
2023-11-16,187.4250030517578,188.65994715340477,186.37775779056014,187.28668991537342,54412900
2023-11-17,187.4052276611328,188.08691917335904,186.29872264128753,187.95848017105547,50922700
2023-11-20,189.14401245117188,189.59847845797387,187.5929306882813,187.60280481288592,46505100
2023-11-21,188.3437957763672,189.21320125507725,187.45464204586924,189.10452557023848,38134500
2023-11-22,189.00572204589844,190.60620477415247,188.53150773289747,189.18356183514956,39617700
2023-11-24,187.68185424804688,188.60064536615056,186.970525284031,188.57100791556658,24048300
2023-11-27,187.50401306152344,188.37341847212542,186.62473352580105,187.6324520630897,40552600
2023-11-28,188.10667419433594,188.77849160556613,187.11871894105684,187.49414676130317,38415400
2023-11-29,187.08908081054688,189.77632029571453,186.69390474066958,188.6006511365786,43014200
2023-11-30,187.66207885742188,188.02763251612237,185.92328320995222,187.55340318726755,48794400
2023-12-01,188.9365692138672,189.25270705783993,186.95076949469112,188.0375263099119,45704800
2023-12-04,187.14834594726562,187.7608884211111,185.19219887595256,187.69172432124148,43389500
2023-12-05,191.09030151367188,192.05849343193452,187.8893210956394,187.91897362196437,66628400
2023-12-06,190.00357055664062,192.41416882595195,189.79609331061306,192.1079050949125,41089700
2023-12-07,191.93008422851562,192.65128739108172,191.25826677194576,191.29779342674496,47477700
2023-12-08,193.3527069091797,193.62933314213194,191.33726998338577,191.86088500111674,53406400
2023-12-11,190.85317993164062,191.15945870925907,189.11438419177532,190.78403090604945,60943700
2023-12-12,192.36477661132812,192.3746507369947,189.4107849369075,190.75440470261375,52696900
2023-12-13,195.5756378173828,195.6151493963814,192.50309623143957,192.74019585543422,70404200
2023-12-14,195.72381591796875,197.21562292408947,193.79730618821,195.63490356313392,66831600
2023-12-15,195.19029235839844,196.01028180866058,194.6271507268951,195.1507657132062,128538400
2023-12-18,193.53053283691406,194.2616250715381,192.04860011875655,193.72812085100188,55751900
2023-12-19,194.56793212890625,194.57780625556214,193.53057597994234,193.7973281496765,40714100
2023-12-20,192.48333740234375,195.2990010280865,192.48333740234375,194.5283970820936,52242800
2023-12-21,192.33511352539062,194.70621508029078,191.16933361068988,193.73802319308166,46482500
2023-12-22,191.26815795898438,193.05635469466722,190.64574127695036,192.8291141147171,37149600
2023-12-26,190.72474670410156,191.55462542072405,190.50739536284337,191.2779991818499,28919300
2023-12-27,190.8235321044922,191.16932243864449,188.78834689776542,190.17149315937536,48087700
2023-12-28,191.2483673095703,192.3153607227681,190.8433020640508,191.80161980345068,34049900
2023-12-29,190.21102905273438,192.0585006042798,189.4206618129017,191.56452296375952,42672100
2024-01-02,183.4040069580078,186.17028459685415,181.6750853181039,184.89581391743906,82488700
2024-01-03,182.03074645996094,183.64111826756874,181.22061595613366,182.0011090098209,58414500
2024-01-04,179.7189178466797,180.88469764157387,178.70132528842504,179.95601742530297,71983600
2024-01-05,178.9977569580078,180.5587283410591,177.99992740412844,179.79801351656843,62379700
2024-01-08,183.32498168945312,183.36450834315934,179.313885613353,179.89677561800764,59144500
2024-01-09,182.91004943847656,182.9199235647891,180.52907347198328,181.70474272826013,42841800
2024-01-10,183.94737243652344,184.15483457675245,181.70471001714742,182.129538572139,46792900
2024-01-11,183.35459899902344,184.7970202008086,181.40832608034748,184.293153408918,49128400
2024-01-12,183.6806182861328,184.49074873898914,182.95941525310155,183.818931403084,40477800
2024-01-16,181.41822814941406,182.04062970854807,178.7507369031224,179.96593271976667,65603000
2024-01-17,180.4796600341797,180.72664884969066,178.12833676151584,179.08665457169852,47317400
2024-01-18,186.35800170898438,186.86185345428623,183.59172402252184,183.8485869578717,78005800
2024-01-19,189.25271606445312,189.63801803091337,186.5457281731689,187.04957995238564,68903000
2024-01-22,191.55462646484375,192.97728431537942,189.94425472083472,189.98378136946042,60133900
2024-01-23,192.8291015625,193.39224330006388,191.49537099853464,192.67104017695664,42355600
2024-01-24,192.1572723388672,194.0146328029546,191.99919590043444,193.06618924735707,53631300
2024-01-25,191.8312530517578,193.9059649333701,190.78402298627717,192.86860899256396,54822100
2024-01-26,190.10235595703125,192.41416772814074,189.6281416366758,191.93007928184088,44594000
2024-01-29,189.42063903808594,189.8849791703456,187.2965414692382,189.6972652775173,47145600
2024-01-30,185.77508544921875,189.48980657471878,185.21195883551243,188.64016451675863,55859400
2024-01-31,182.17893981933594,184.846431021382,182.12955411744667,184.7871410441138,55467800
2024-02-01,184.6093292236328,184.69824158324056,181.6059517240919,181.77390231724044,64885400
2024-02-02,183.61148071289062,185.07365019396582,177.09097033579843,177.6936236133024,102551700
2024-02-05,185.41944885253906,186.97054595458332,183.6016146657499,185.8837890630235,69668800
2024-02-06,187.01992797851562,187.02980210381148,184.5204024536245,184.60931480628852,43490800
2024-02-07,187.12860107421875,188.74884702540382,186.33823388644547,188.3437817688575,53439000
2024-02-08,186.05174255371094,187.25703410679802,185.09342474162452,187.1088468471974,40962000
2024-02-09,186.81341552734375,187.941120969739,185.9725760341758,186.6155602859614,45155200
2024-02-12,185.13174438476562,186.63535673641036,184.77562606711913,186.3880527684402,41781900
2024-02-13,183.0445098876953,184.2019058140478,181.53101071537256,183.76664838776776,56529500
2024-02-14,182.16409301757812,183.52921572281525,180.4725423642709,183.32148884677065,54630500
2024-02-15,181.87722778320312,182.50043860227981,179.3943014199978,181.57057328309747,65434500
2024-02-16,180.3439483642578,182.8565652037317,179.7108507918506,181.44197861733377,49752500
2024-02-20,179.60205078125,180.46266385305907,178.0588762686663,179.82956623009554,53665600
2024-02-21,180.35385131835938,180.91769653606136,178.71174929095213,179.9779444437335,41371400
2024-02-22,182.3817138671875,182.9653626660908,180.4923231436991,181.50131240098546,52292200
2024-02-23,180.5516815185547,183.04449459753943,180.26480046872615,183.01481932952075,45119700
2024-02-26,179.20635986328125,180.78909628027105,178.7018500832812,180.27471486922383,40867400
2024-02-27,180.66050720214844,181.93658908973126,177.62360710096542,179.1470080612827,54318900
2024-02-28,179.4635467529297,181.14521076395337,178.1874648834917,180.54178846123017,48953900
2024-02-29,178.80079650878906,180.60117691942332,177.59395175081718,179.3151930681472,136682600
2024-03-01,177.72251892089844,178.5831318593588,175.46710804516843,177.61370457626955,73563100
2024-03-04,173.21170043945312,174.9922768844708,171.91581500377694,174.25036500096815,81510100
2024-03-05,168.285400390625,170.1846930657021,167.7907924514621,168.91849794898403,95132400
2024-03-06,167.29620361328125,169.39335177885377,166.8609461620447,169.2152850514215,68587700
2024-03-07,167.17747497558594,168.88881413208614,166.67298033709926,167.32585131213037,71765100
2024-03-08,168.8888397216797,171.82681238429842,167.11814976227143,167.17750030588184,76267000
2024-03-11,170.88705444335938,172.49948126334272,170.1946063009313,171.07500788792643,60139500
2024-03-12,171.36187744140625,172.1532532324886,169.16581679091567,171.28273835287425,59825400
2024-03-13,169.2845458984375,171.32232852748163,168.9185256992457,170.90685960163916,52488700
2024-03-14,171.1343536376953,172.43022407386235,170.19460153541087,171.04532782778392,72913500
2024-03-15,170.7584228515625,170.7584228515625,168.45354827638914,169.32406299160928,121752700
2024-03-18,171.8466033935547,175.79358063684148,171.6487632139381,173.67665901704393,75604200
2024-03-19,174.18115234375,174.7054356079408,171.1640405724947,172.45991109697533,55215200
2024-03-20,176.74317932128906,176.74317932128906,173.2017850632652,173.82499582678088,53423100
2024-03-21,169.52191162109375,175.57592275278003,168.9976284397713,175.1406653733646,106181300
2024-03-22,170.42210388183594,171.18380430580046,168.22604350725265,169.90770741812418,71160100
2024-03-25,169.007568359375,170.08581023240077,167.62265683136332,168.73058907262046,54288300
2024-03-26,167.87982177734375,169.5713723598813,167.7512188918725,168.16668772081567,57388400
2024-03-27,171.44100952148438,171.72789059246503,168.27552158079686,168.5722893771007,60273300
2024-03-28,169.63072204589844,170.37263389978352,168.67118150733492,169.89781453968297,65672700
2024-04-01,168.19639587402344,169.40324060587884,167.6523240532299,169.3438900607447,46240500
2024-04-02,167.0192108154297,167.51381877100314,166.41578850586058,167.25662806803024,49329500
2024-04-03,167.82049560546875,168.83938692190523,166.76204228878962,166.9697692049817,47691700
2024-04-04,166.99942016601562,170.06598011820813,166.99942016601562,168.45355351894443,53704400
2024-04-05,167.75125122070312,168.55251376624304,167.12804031006615,167.76113794678497,42104800
2024-04-08,166.63343811035156,167.37535013675048,166.4257111957336,167.2071852220754,37425500
2024-04-09,167.84024047851562,168.24582257310013,166.5344834909376,166.8806999592474,42373800
2024-04-10,165.97064208984375,167.2665125006067,165.30786924976792,166.97964653177021,49709300
2024-04-11,173.15235900878906,173.56784300454478,166.3465633103838,166.5246149420751,91070300
2024-04-12,174.6460723876953,176.43655077441642,172.33131077483722,172.38075949507746,101670900
2024-04-15,170.8276824951172,174.72519524382946,170.6397290741028,173.46888692512982,73531800
2024-04-16,167.5533905029297,171.88614579113815,166.45536027289515,169.8978273072319,73711200
2024-04-17,166.18826293945312,168.80967890645843,166.18826293945312,167.780901063059,50901200
2024-04-18,165.2386016845703,166.8213530127437,164.75389559967167,166.21793076697907,43122900
2024-04-19,163.22061157226562,164.60550769336635,162.31053482208006,164.41756936525925,68149400
2024-04-22,164.05154418945312,165.45622881020677,162.9930911354229,163.7350029833429,48116400
2024-04-23,165.10009765625,165.24848907081372,163.14145475672774,163.56682536539628,49537800
2024-04-24,167.19728088378906,167.47426013692973,164.41758653276062,164.74401450706145,48251800
2024-04-25,168.05789184570312,168.77012851479734,166.33665071301928,167.70177351115603,50558300
2024-04-26,167.47425842285156,169.49225225997063,167.35554224826544,168.04800546826704,44838400
2024-04-29,171.62893676757812,174.13165146794697,171.23325649572146,171.50033388681905,68169400
2024-04-30,168.4931182861328,173.10286724293962,168.16667528163094,171.46076549698512,65934800
2024-05-01,167.47425842285156,170.84748833564953,167.28630498280754,167.75123767315736,50383100
2024-05-02,171.16403198242188,171.54982559320527,169.04711048582428,170.64963546996492,94214900
2024-05-03,181.4024200439453,184.98337684032407,180.69018337477516,184.637145231003,163224100
2024-05-06,179.75042724609375,182.21356516877455,178.47433028646978,180.38352481626606,78569700
2024-05-07,180.4329833984375,182.90602327557747,179.36464345444207,181.4716631656838,77305800
2024-05-08,180.7693328857422,181.09577596912635,179.49323582394607,180.87814724687024,45057100
2024-05-09,182.57958984375,182.66861565405213,180.14611203583203,180.5912561815798,48983000
2024-05-10,181.32159423828125,183.34232534295325,180.41028294678514,183.15411695720846,50759500
2024-05-13,184.52110290527344,185.33336754370364,182.87677335531396,183.68903799374417,72044800
2024-05-14,185.66021728515625,186.52201273815805,184.53098214319476,185.7394637127145,52393600
2024-05-15,187.9285888671875,188.849800179078,185.6007724639543,186.13568203158255,70400000
2024-05-16,188.04747009277344,189.29558246787192,187.86917696187996,188.6715262803227,52845200
2024-05-17,188.07717895507812,189.00830557822601,187.39369174809892,187.72057759120682,41282900
2024-05-20,189.23611450195312,190.10781001398533,187.22528381236822,187.54226949481966,44361300
2024-05-21,190.5337677001953,190.91016932460286,189.11726241831752,189.28565540299905,42309400
2024-05-22,189.09744262695312,190.99932654838926,188.47340160760692,190.45451683728567,34648500
2024-05-23,185.11541748046875,189.19651013997458,184.86777806929078,189.1766947549615,51005900
2024-05-24,188.18612670898438,188.7804673088457,186.26444256610336,187.0370913918068,36327000
2024-05-28,188.196044921875,191.1776178733189,187.31444925751387,189.70168159973719,52280100
2024-05-29,188.4932098388672,190.43470949642946,187.72057607583483,187.81963788738682,53068000
2024-05-30,189.48377990722656,190.36537567482878,188.8300232981759,188.9587855239753,49889100
2024-05-31,190.43470764160156,190.7516933437122,188.11680637508078,189.63235836586054,75158300
2024-06-03,192.1979217529297,193.1488638569082,190.7021849704834,191.07858664282506,50080500
2024-06-04,192.51487731933594,193.47571940906454,191.2073340206378,192.80213237542046,47471400
2024-06-05,194.02052307128906,195.04079624688396,193.02996541617088,193.5549597642067,54156800
2024-06-06,192.64364624023438,194.64457691185422,192.33657578915964,193.8422276391208,41181800
2024-06-07,195.03089904785156,195.08042995429523,192.3068654552658,192.8120444256859,53103900
2024-06-10,191.2964630126953,195.43700129700443,190.33562101119307,195.0407692210349,97010200
2024-06-11,205.19400024414062,205.20391549352811,191.8016724106265,191.82147267998263,172373300
2024-06-12,211.0581512451172,218.12081786507656,204.94639650511937,205.4119598660555,198134300
2024-06-13,212.21705627441406,214.7033502990969,209.60198493072278,212.71233505249734,97862700
2024-06-14,210.4835968017578,213.13828400218216,209.3048308005582,211.83075578674166,70122700
2024-06-17,214.62413024902344,216.88260054537645,210.71143044440285,211.35528688913016,93728300
2024-06-18,212.26657104492188,216.56560230529576,210.9887584540523,215.5354139875743,79943300
2024-06-20,207.70013427734375,212.21709015086526,206.8779846754286,211.91000456307782,86172500
2024-06-21,205.5308380126953,209.88928617334648,205.1544212217866,208.40344951202738,241805100
2024-06-24,206.1746368408203,210.69157660922147,204.63926969738108,205.75860450580527,80727000
2024-06-25,207.09588623046875,209.38407188516823,206.64022308060072,207.1751175381149,55549700
2024-06-26,211.23641967773438,212.83121810497767,208.6510635966682,209.5029437835443,66213200
2024-06-27,212.07839965820312,213.70291360533915,210.34492376459474,212.66282504623206,49772700
2024-06-28,208.63124084472656,214.0297919592074,208.31427026634478,213.7326216506115,82542700
2024-07-01,214.70335388183594,215.45617219578955,209.91895899194967,210.08735196554287,60402900
2024-07-02,218.1901397705078,218.29910171758146,213.068958487467,214.10903193760322,58046200
2024-07-03,219.45802307128906,219.45802307128906,216.96181387179615,217.92265588190668,37369800
2024-07-05,224.20278930664062,224.31175124030364,219.55707203955853,219.55707203955853,60412400
2024-07-08,225.66883850097656,225.69855401964364,221.14198303770854,224.94572057418634,59085900
2024-07-09,226.52072143554688,227.23392416937492,224.23253562897796,225.77780318070188,48076100
2024-07-10,230.7801055908203,230.8791673967792,227.0853299721382,227.13486087511765,62627700
2024-07-11,225.42120361328125,230.19568345608255,223.63819688403007,229.2051258414663,64710600
2024-07-12,228.3631591796875,230.44333633793113,226.52072130415218,226.75846058686048,53046500
2024-07-15,232.1867218017578,234.99000194235262,230.88909361652622,234.2470836578572,62631300
2024-07-16,232.60276794433594,234.03907359612094,230.13627381333595,232.78106107648213,43234300
2024-07-17,226.7188262939453,229.27446669281912,224.49997184852458,227.28343626123907,57345900
2024-07-18,222.06320190429688,228.26410233218343,220.17124832102243,228.10560948409145,66034600
2024-07-19,222.19198608398438,224.65848009632384,221.1717129043359,222.6971801635164,49151500
2024-07-22,221.84530639648438,225.62922890399747,220.98351093014816,224.86649525231948,48201800
2024-07-23,222.88536071777344,224.7971447504236,220.57735968997056,222.25140445670337,39960300
2024-07-24,216.47645568847656,222.67735606492835,215.0797809310421,221.88490694575157,61777600
2024-07-25,215.43638610839844,218.76466037633443,212.59347540961954,216.86277641061952,51391200
2024-07-26,215.9019317626953,217.4174836156479,213.97033243488113,216.63493468142264,41601300
2024-07-29,216.17930603027344,217.22929471632008,213.71281205128278,214.91139345300462,36311800
2024-07-30,216.7340087890625,218.24956072806748,214.07930652606245,217.1203256536185,41643800
2024-07-31,219.98304748535156,221.70662325926872,218.54674189777583,219.34909118598728,50036300
2024-08-01,216.29815673828125,222.36036437427163,214.97081319041698,222.2514024343897,62501000
2024-08-02,217.7840118408203,223.46981835778237,215.6543188775265,217.0807092384795,105568600
2024-08-05,207.29400634765625,211.4840610296135,194.14930192882554,197.21012147966275,119548600
2024-08-06,205.2732391357422,208.00718767754023,199.1714160471065,203.3614702980554,69660500
2024-08-07,207.8388214111328,211.62274392073394,204.4412006806638,204.94637966039352,63516400
2024-08-08,211.29583740234375,212.1774330540979,206.85814362500793,211.0977289070064,47161100
2024-08-09,214.1981964111328,214.7330909034816,209.96851092003678,210.09728825409005,42201600
2024-08-12,215.7253875732422,217.68895741700473,213.81140595998042,214.27750808872153,38028100
2024-08-13,219.43438720703125,220.04923895369578,217.19312608520667,217.19312608520667,44155300
2024-08-14,219.8806610107422,221.17979111862692,217.8774142480331,218.7402072098891,41960600
2024-08-15,222.85577392578125,223.48055242779947,220.9120269929499,222.73677426147512,46414000
2024-08-16,224.17474365234375,224.94827173921567,221.7946444270254,222.0624088054674,44340200
2024-08-19,224.01605224609375,224.11522871504155,221.18968933533225,223.84746435464618,40687800
2024-08-20,224.63092041015625,225.28544883578485,223.57971634413767,223.8970689622142,30299000
2024-08-21,224.5218505859375,226.08874521756795,223.18305884166446,224.64086539349128,34765500
2024-08-22,222.66734313964844,226.4457337259973,222.04256465043304,225.90029338876204,43695300
2024-08-23,224.9581756591797,226.32673228874265,222.46900358067504,223.78797197411373,38677300
2024-08-26,225.29534912109375,225.39452559231563,222.0326490158817,224.87883517993083,30602200
2024-08-27,226.13827514648438,226.95147973754254,223.0243250094966,224.12511711921985,35934600
2024-08-28,224.611083984375,227.95312221094204,223.80779089178384,226.02921369079436,38052200
2024-08-29,227.8837127685547,230.98775191089825,226.9812734022471,228.1911537968638,51906300
2024-08-30,227.1002655029297,228.4886453526855,225.59287085733376,228.28039594132485,52990800
2024-09-03,220.9219512939453,227.10026429068756,219.335218503661,226.65400042223428,50190600
2024-09-04,219.0178680419922,219.94014563997789,215.67581475954933,219.82114598403248,43840200
2024-09-05,220.53518676757812,223.60946073514918,219.6823205428289,219.79140861107143,36615400
2024-09-06,218.9881134033203,223.37144384512357,217.9468210396507,222.0921370424939,48423000
2024-09-09,219.07737731933594,219.4343914347755,214.91222272734436,218.98812757352732,67180000
2024-09-10,218.2840118408203,219.6426417511051,214.9320468059923,217.10388142289187,51591000
2024-09-11,220.81288146972656,221.23930705217748,216.08244775598524,219.62283934479092,44587100
2024-09-12,220.9219512939453,221.69547936785247,217.9964268983011,220.6541869199912,37455600
2024-09-13,220.65419006347656,222.18140791181287,220.06908820245332,221.72523244234597,36766600
2024-09-16,214.52545166015625,215.41797935337752,212.14535259122513,214.7436126542421,59357400
2024-09-17,214.99154663085938,215.1006346980314,212.72055067344832,213.96018092212807,45519300
2024-09-18,218.8592071533203,220.86245391858552,215.7353297749969,215.7452565018275,59894900
2024-09-19,226.97132873535156,227.91345980340301,222.7665127356472,223.12352684243388,66781300
2024-09-20,226.30690002441406,231.15633305592988,225.7317097608303,228.06222073119503,318679900
2024-09-23,224.5912322998047,227.54650632766106,223.93670395169437,225.45401003818398,54146000
2024-09-24,225.48379516601562,227.44738051700955,223.85740076750545,226.75317542181838,43556100
2024-09-25,224.4920654296875,225.40443143928672,222.16156973744518,223.06400902085235,42308700
2024-09-26,225.63253784179688,226.60440369502516,223.54004142995942,225.41436171300208,36636700
2024-09-27,225.90029907226562,227.6159582791164,225.41437368594384,226.56475422029098,34026000
2024-09-30,231.06707763671875,231.06707763671875,227.74486252768645,228.13162655878588,54541900
2024-10-01,224.3334197998047,227.74486962890148,221.88390914906273,227.6159583693189,63285000
2024-10-02,224.898681640625,225.48378349827837,221.16987922367838,224.0160654907427,32880600
2024-10-03,223.7978973388672,224.92843958391967,221.46740141968138,223.2722952944607,34044200
2024-10-04,224.91851806640625,226.10856009308668,222.27066963907552,226.00938361911108,37245100
2024-10-07,219.8509063720703,223.81772316941647,219.49389225502094,222.63759275105315,39505400
2024-10-08,223.89706420898438,224.10531361949606,221.3979653574062,222.43925780658088,31855700
2024-10-09,227.6357879638672,227.84405251552317,222.96486939830248,223.36154504729694,33591100
2024-10-10,227.13992309570312,227.59611368544336,225.28544108575701,225.89038125247495,28183500
2024-10-11,225.6622772216797,227.50684750397573,225.45401269675094,227.39775944467098,31759200
2024-10-14,229.3811798095703,229.8076053434174,226.70358155060512,226.80274288926017,39882100
2024-10-15,231.91004943847656,235.51985237359267,230.4423162246621,231.67203496624026,64751400
2024-10-16,229.85719299316406,230.19436878170097,227.93328446814013,229.67869350471682,34082200
2024-10-17,230.22412109375,231.91003031839952,228.60765355789445,231.49350124327563,32993800
2024-10-18,233.05047607421875,234.2206797118992,232.0686835146529,234.2206797118992,46431500
2024-10-21,234.5181884765625,234.8851292946414,232.5050303027995,232.5050303027995,36254500
2024-10-22,233.9033660888672,234.2603802258017,230.67041566655348,231.94970749678197,38846600
2024-10-23,228.8456573486328,233.18932661738793,225.87054472777703,232.13812257917175,52287000
2024-10-24,228.65724182128906,228.90516786821388,226.51515714412935,228.07212485007065,31109500
2024-10-25,229.49029541015625,231.28527776977737,227.66556313214858,227.83415104707473,38802300
2024-10-28,231.4637451171875,232.78271346714027,230.62080565968694,231.38442210065006,36087100
2024-10-29,231.7315216064453,232.38605001867157,230.3927299983884,231.1662580738538,35417200
2024-10-30,228.191162109375,231.53320070866118,227.64572172599728,230.68033441798144,47070900
2024-10-31,224.03590393066406,227.92338265648337,223.50037517792762,227.43744214117888,64370100
2024-11-01,221.06080627441406,223.48056715614828,218.44270756169647,219.13689753624155,65276700
2024-11-04,220.16824340820312,220.94177147156717,217.88733586004025,219.15671602208408,44944500
2024-11-05,221.59629821777344,222.09215031274817,219.3054639601429,219.9599923572388,28111300
2024-11-06,220.87234497070312,224.19455985797964,219.3550388628842,220.76325691115125,54561100
2024-11-07,225.59288024902344,225.9895710313294,222.70703236030374,222.7665321945981,42137700
2024-11-08,225.3248291015625,227.01257809039103,224.77878865400953,225.53330763226646,38328800
2024-11-11,222.61448669433594,224.07389700260043,219.90415975706793,223.3789433198207,42005600
2024-11-12,222.61448669433594,223.96468891324545,221.75075962779928,222.93218846295187,40398300
2024-11-13,223.49807739257812,225.0170530189228,221.15507983350162,222.39607398240116,48566200
2024-11-14,226.57574462890625,227.22105551450989,223.3789425502784,223.398802697962,44923900
2024-11-15,223.3789520263672,225.2851172657963,222.65421566813873,224.76885944610046,47923700
2024-11-18,226.377197265625,228.08480645929455,223.5477244921184,223.6271499370396,44633700
2024-11-19,226.63528442382812,228.5017442258817,225.02696106605572,225.34464764897942,36211800
2024-11-20,227.35011291503906,228.27340522879027,224.26251907255318,226.4168829534927,35169600
2024-11-21,226.8735809326172,228.50176458087773,224.0838286281757,227.230987838277,42108300
2024-11-22,228.21385192871094,229.05773399756174,226.41689485035167,226.41689485035167,38168300
2024-11-25,231.1922607421875,231.5695278431134,228.08482143076648,229.79243073652341,90152800
2024-11-26,233.366455078125,233.87279036398945,231.6489234928732,231.6489234928732,45986200
2024-11-27,233.23739624023438,233.99193037541463,232.125470334311,232.78071887838198,33498400
2024-11-29,235.62010192871094,236.0966394139658,232.28430923421996,233.11825362062933,28481400
2024-12-02,237.86380004882812,239.05515126765505,235.45131496686756,235.56052304560976,48137100
2024-12-03,240.90174865722656,241.01095673492534,237.17876666593097,238.0822139315433,38861000
2024-12-04,241.25917053222656,242.35125137710352,239.51185632927692,241.12017980186528,44383900
2024-12-05,241.28895568847656,242.77814859306412,240.38552350615552,242.2321233137982,40033900
2024-12-06,241.0904083251953,242.86752040520184,240.33588934668637,241.1599112680226,36870600
2024-12-09,244.9722442626953,245.4587194212017,240.00826768189094,240.08769312504634,44649200
2024-12-10,245.98487854003906,246.4217108653419,243.57237825215392,245.11121388943334,36914800
2024-12-11,244.714111328125,248.9930565140259,244.48575750906295,246.17352158557497,45205800
2024-12-12,246.17352294921875,246.9479020514793,243.9099357862414,245.11122473397327,32777500
2024-12-13,246.34228515625,247.49391610940148,244.46590277835176,246.0345210589055,33155300
2024-12-16,249.23130798339844,249.56886987487528,245.86573275817128,246.20329464964811,51694800
2024-12-17,251.6537322998047,252.0012166921119,247.98039295462073,248.2782345553336,51356400
2024-12-18,246.26287841796875,252.4479889260113,245.95511429725673,250.34326772719038,56774100
2024-12-19,247.9903106689453,250.18439476471843,245.30976661195103,245.71681628677703,60882300
2024-12-20,252.65646362304688,253.16278373693368,243.9198625662762,246.25292226826556,147495300
2024-12-23,253.43087768554688,253.80812962394884,251.62398284537375,252.93448000183187,40858800
2024-12-24,256.3397521972656,256.34965954757746,253.45069916161225,253.64927033575188,23234700
2024-12-26,257.15380859375,258.2260444048055,255.77383898408218,256.32980188696064,27237100
2024-12-27,253.74855041503906,256.8361595932908,251.23677948504655,255.9724022209019,42355300
2024-12-30,250.38296508789062,251.67360197393796,248.9434149702759,250.4127477342041,35557500
2024-12-31,248.61578369140625,251.45517870098834,247.63291094425557,250.62123433005314,39480700
2025-01-02,242.0931396484375,247.3053149666319,240.07776640397734,247.1365264348607,55740700
2025-01-03,241.60665893554688,242.42074318433572,240.14724866814672,241.60665893554688,40244100
2025-01-06,243.23486328125,245.5480782886853,241.44782860288205,242.54983205880436,45045600
2025-01-07,240.4649658203125,243.78089861816605,239.61116122247878,241.22940732447114,40856000
2025-01-08,240.95140075683594,241.95413364050106,238.32049944087447,240.17702168463396,37628900
2025-01-10,235.1435546875,238.42970445265777,231.32128701842691,238.28077607985776,61710900
2025-01-13,232.71121215820312,232.9792711307645,228.06493742769467,231.84748509521594,49630700
2025-01-14,231.59925842285156,234.41879309886707,230.7950967507139,233.05866854963926,39435300
2025-01-15,236.15618896484375,237.2383472440859,232.74097105897866,232.94946471611047,39832000
2025-01-16,226.61544799804688,236.29520209930612,226.3871093224655,235.6399687194268,71759100
2025-01-17,228.32305908203125,230.6164138035219,226.833866130533,230.44764042021458,68488300
2025-01-21,221.0359344482422,222.8031087860845,217.79942737812888,222.38613659782595,98070400
2025-01-22,222.2173614501953,222.5052654056773,218.2064601780486,218.2064601780486,64126500
2025-01-23,222.04859924316406,225.394314538592,220.69839703644928,223.1208199792776,60234800
2025-01-24,221.17495727539062,224.0044302156618,219.814832429481,223.16054806888465,54697900
2025-01-27,228.2039031982422,230.4773975200278,222.36626262781007,222.40598291880553,94863400
2025-01-28,236.54339599609375,238.4594987479956,229.147074251248,229.18679454547646,75707600
2025-01-29,237.63548278808594,238.13188043636077,232.32402189200354,232.43322998057818,45486100
2025-01-30,235.8782196044922,239.05516137192973,235.50096771104396,236.95044029141235,55658300
2025-01-31,234.29966735839844,245.40904807772534,231.7581140684966,245.40904807772534,100959800
2025-02-03,226.36724853515625,230.15973381299622,224.0738938399255,228.33299411580026,73063300
2025-02-04,231.1227569580078,231.45038123633566,225.01705656002386,225.61273982041166,45067300
2025-02-05,230.79513549804688,230.9936915376493,226.62539807097704,226.8835194075747,39620300
2025-02-06,231.5397491455078,232.11557230717244,228.76984143937713,229.6236461068308,29925300
2025-02-07,225.98997497558594,232.3140755170278,225.6226304523949,230.92416830424466,39707200
2025-02-10,226.25833129882812,229.1803610121675,225.81108525741098,228.16660736242451,33115600
2025-02-11,231.19793701171875,233.7919821040532,226.7353950927951,226.8049592810601,53718400
2025-02-12,235.42198181152344,235.5114431570428,229.2698195612854,229.7866449882993,45243300
2025-02-13,240.053466796875,240.85851264219508,234.12991022790982,235.46171484030373,53614100
2025-02-14,243.104736328125,244.0489258287467,239.5168040933544,239.77520922194773,40896200
2025-02-18,242.97552490234375,243.6811760890431,240.3615975750387,242.65747382373942,48822500
2025-02-19,243.37306213378906,244.50609250836237,241.6735241546838,243.16435439309654,32204200
2025-02-20,244.3271942138672,245.27138364211797,242.7966000469895,243.4426355672204,32316900
2025-02-21,244.0489044189453,247.1697083342209,243.72091995824803,244.44645306890683,53197400
2025-02-24,245.58944702148438,247.33868242018207,242.92582237394555,243.43269920852308,51326400
2025-02-25,245.52981567382812,248.47172760145406,243.41284686721102,246.48395378064242,48013300
2025-02-26,238.890625,243.48237703128345,237.66814851741972,242.83635669602367,44433600
2025-02-27,235.84933471679688,240.97779411500133,235.61079643123784,237.94643641845556,41153600
2025-02-28,240.36158752441406,240.61005923211764,228.7927454203557,235.5014815283524,56833400
2025-03-03,236.57485961914062,242.53818006191796,234.66659889731284,240.31186830369816,47184000
2025-03-04,234.4877166748047,238.60242278275774,233.24535811530478,236.25684921580154,53798100
2025-03-05,234.2988739013672,235.1039197629907,227.82866128733946,233.98082285378285,47227600
2025-03-06,233.89138793945312,236.4059203890797,231.73465535282332,233.00682927336524,45170400
2025-03-07,237.60853576660156,239.89446338205195,233.32487071745646,233.67273718007357,46273600
2025-03-10,226.08935546875,234.71630041445476,222.84929009717774,234.10008031193473,72071200
2025-03-11,219.48995971679688,224.4593937721428,216.1206840338927,222.4418047589131,76137400
2025-03-12,215.65354919433594,220.39439337943787,213.59621144659917,218.79423505763873,62547500
2025-03-13,208.39816284179688,215.51439548794804,207.14587101812543,214.62983690242842,61368300
2025-03-14,212.18490600585938,212.64208545758027,208.2988048386841,209.9585940343847,60107600
2025-03-17,212.69178771972656,213.9043309003415,208.68642489319868,212.00600336087763,48073400
2025-03-18,211.38978576660156,213.83473880015984,210.19712464056028,212.85080057479257,42432400
2025-03-19,213.92420959472656,217.4226803637017,212.443312738742,212.91044076829724,54385400
2025-03-20,212.79116821289062,216.16044383082547,210.9226561911479,212.6818400591608,48862900
2025-03-21,216.93568420410156,217.5021918152461,209.9884097524224,210.26669685360034,94127800
2025-03-24,219.38064575195312,220.1260609084734,217.24379503613238,219.64899945464327,44299500
2025-03-25,222.38217163085938,222.7300380772677,218.73460889257407,219.42039321145907,34493600
2025-03-26,220.1757354736328,223.64440576884627,219.12221792138408,222.1436270366165,34466100
2025-03-27,222.4815673828125,223.61459773398053,219.21167130142226,220.03659916949772,37094800
2025-03-28,216.56793212890625,222.44180687800483,216.34927581514728,220.31488968867507,39818600
2025-03-31,220.77207946777344,224.24073468961828,214.90813825561798,215.683368745432,65299300
2025-04-01,221.8256072998047,222.31260214779184,217.5618242432653,218.46626491168394,36412700
2025-04-02,222.5213165283203,223.8133724100327,219.66886624627372,219.9670353213626,35905900
2025-04-03,201.94789123535156,206.22160814156834,200.01974813123203,204.28351646204925,103419000
2025-04-04,187.22840881347656,198.65810753704542,186.19475800144227,192.70471987275084,125910900
2025-04-07,180.35072326660156,192.96313526897592,173.55252535537636,176.1167553732534,160466300
2025-04-08,171.365966796875,189.17641711488596,168.175598539417,185.55866963100107,120859500
2025-04-09,197.6343994140625,199.38363475051753,170.83920418374143,170.89883496621582,184395900
2025-04-10,189.2559356689453,193.5892830219747,181.88129692496375,187.9141974958541,121880000
2025-04-11,196.93865966796875,198.32016168749274,184.92257212057936,184.96233608452022,87435900
2025-04-14,201.28195190429688,211.63825017625834,199.93026529720834,210.14742002868311,101352900
2025-04-15,200.90428161621094,202.26590170954893,198.57859009217825,200.6259945192588,51343900
2025-04-16,193.0823974609375,199.47308245703653,191.19400339685228,197.1473909296092,59732400
2025-04-17,195.77581787109375,197.61451451967758,193.2314700862815,195.99447418061752,52164700
2025-04-21,191.97918701171875,192.6152739871965,188.64966000796989,192.08851517151226,46742500
2025-04-22,198.5189666748047,200.3576482646354,194.77200897005906,194.92108593270402,52976400
2025-04-23,203.34925842285156,206.72846769395255,201.56025903470575,204.7406939661261,52929200
2025-04-24,207.09619140625,207.55338601533765,201.69939326414854,203.63746952607698,47311000
2025-04-25,208.00062561035156,208.46775361357263,204.9394524859384,205.10841141990002,38222300
2025-04-28,208.85536193847656,210.2070485309222,206.19175271644127,208.71621839949725,38743100
2025-04-29,209.91885375976562,210.94255602883885,207.096203506044,207.41425458581946,36827600
2025-04-30,211.20094299316406,212.2743425468257,205.40658118436113,208.02050829648644,52286500
2025-05-01,212.0159454345703,213.2483553954001,207.62295230903422,207.80185982414434,57365700
2025-05-02,204.0946502685547,205.72462393265195,200.92414910817757,204.8301167579532,101010600
2025-05-05,197.6741485595703,202.85230555244996,196.99831280299983,201.85841873478097,69018500
2025-05-06,197.2964630126953,199.42338015596502,195.81558138809015,196.9983091053983,51216500
2025-05-07,195.05027770996094,198.22077891807172,192.0686174137577,197.95242524507105,68536700
2025-05-08,196.28271484375,198.82706269335065,193.48988012199126,196.51130456752412,50478900
2025-05-09,197.31634521484375,199.31405222350435,196.3323918231404,197.7834732241415,36453900
2025-05-12,209.776123046875,210.2538252478288,205.75556156059073,209.95526516858178,63775800
2025-05-13,211.9058380126953,212.3735786127325,207.99474788922345,209.4178625594749,51909300
2025-05-14,211.30870056152344,212.91095711473224,209.5671180117484,211.4082104531309,49325800
2025-05-15,210.43295288085938,211.93569971673273,208.53213606160298,209.93535780893234,45029500
2025-05-16,210.24388122558594,211.54759317457453,208.76105751069144,211.33859654598928,54737900
2025-05-19,207.77581787109375,208.47244800462508,203.27755371752323,206.9100072183761,46140500
2025-05-20,205.86502075195312,207.46727738969238,204.04382108157407,206.6711222878563,42496600
2025-05-21,201.1179656982422,206.04415370597744,199.74461367242378,204.18315305948536,59211800
2025-05-22,200.39149475097656,201.77480849030061,198.7394754118135,199.7446272097534,46742400
2025-05-23,194.33078002929688,196.74908474491085,192.52948833207407,192.73846975457602,78432900
2025-05-27,199.2470245361328,199.77447409530296,196.48038197740732,197.34620772495165,56288500
2025-05-28,199.4560089111328,201.75489573800118,198.9385057789635,199.6251894151235,45339700
2025-05-29,198.98826599121094,202.8297005493605,197.55518975609246,202.60081106845576,51396800
2025-05-30,199.8839569091797,200.98861863398105,195.8335255231089,198.41106448584634,70819900
2025-06-02,200.7298583984375,201.15779807678393,199.15745607510846,199.31669015009302,35423300
2025-06-03,202.2923126220703,202.78990771325485,199.99342573046133,200.38154929416936,46381600
2025-06-04,201.84446716308594,205.24801554678163,201.1279290627925,201.9340306292736,43604000
2025-06-05,199.66500854492188,203.76518718349973,199.18730633012683,202.52119947175674,55126100
2025-06-06,202.93917846679688,204.7106157617459,201.07817770068002,202.0236053289331,46607700
2025-06-09,200.48106384277344,205.0091823144686,199.05794913802782,203.40692547634254,72862600
2025-06-10,201.6951904296875,203.36711781582227,199.60530017876516,199.63515466910712,54672600
2025-06-11,197.8238983154297,203.51638723180633,197.45568281643992,202.5211970741936,60989900
2025-06-12,198.2418670654297,198.71955406677787,196.410720905765,198.12244911144163,43904600
2025-06-13,195.50509643554688,199.4062398916536,194.758703844025,198.7693188209708,51447300
2025-06-16,197.4656219482422,197.73432753277095,195.61456771612566,196.35101387226533,43020700
2025-06-17,194.69900512695312,197.4357781067605,194.27108064091922,196.25149936947125,38856200
2025-06-18,195.63446044921875,196.61970405840015,194.1317289512304,194.9975394291991,45394700
2025-06-20,200.03321838378906,200.72984844555882,195.9131318065836,197.28649906078425,96813500
2025-06-23,200.53082275390625,201.3269779408771,198.00304635957568,200.6602023375907,55814300
2025-06-24,199.33660888671875,202.4615056450935,199.2370837881713,201.61558786363426,54064000
2025-06-25,200.5905303955078,202.690382284235,199.65504919597097,200.48105886821313,39525700
2025-06-26,200.03321838378906,201.66532960796235,198.50063224789568,200.4611428555203,50799100
2025-06-27,200.1128387451172,202.24254507531293,199.03803155248616,200.91894034324127,73188600
2025-06-30,204.1831512451172,206.39247448465787,198.30157410241034,201.03834688076608,91912800
2025-07-01,206.82041931152344,209.17901505124104,205.1484920031366,205.6759415551798,78788900
2025-07-02,211.41819763183594,212.3138626915596,207.13887695509675,207.90517762155153,67941800
2025-07-03,212.5228729248047,213.61757304735917,210.79123648824356,211.12959751601144,34955800
2025-07-07,208.940185546875,215.18997897032483,207.7957228576545,211.65705062020388,50229000
2025-07-08,208.99986267089844,210.41303075844314,207.447368579945,209.08944131875765,42848900
2025-07-09,210.12445068359375,210.31353924447487,206.22330706177223,208.52219391164948,48749400
2025-07-10,211.38836669921875,212.45321238064957,209.01980902189666,209.49749609462273,44443600
2025-07-11,210.14434814453125,211.1096837700706,208.85059795908091,209.55718962168862,39765800
2025-07-14,207.6165771484375,209.89557123752414,206.54176989733165,208.92027389637033,38840100
2025-07-15,208.10423278808594,210.8708604550018,207.915144211828,208.2137043224775,42296300
2025-07-16,209.149169921875,211.37838618562168,207.63647661047767,209.28849593835915,47490500
2025-07-17,209.0098419189453,210.78127919114968,208.58190225319882,209.5571995447156,48068100
2025-07-18,210.1642608642578,210.77132749863404,208.6913836081342,209.85575432940058,48974600
2025-07-21,211.45799255371094,214.74212298846783,210.61209006251647,211.07983063398711,51377400
2025-07-22,213.36875915527344,213.91611676733493,211.20919838168209,212.1148250502387,46404100
2025-07-23,213.11997985839844,214.11517007989065,211.38835859165647,213.96589762082587,46989300
2025-07-24,212.7318572998047,214.65258233290422,212.50296779967493,212.87118332406595,46022600
2025-07-25,212.85128784179688,214.20474714033003,212.37358560556336,213.66733592091674,40268800
2025-07-28,213.02044677734375,213.8166019050196,212.03520309848784,213.00053872316795,37858000
2025-07-29,210.25381469726562,213.77678093648746,209.8059821935656,213.14980632007004,51411700
2025-07-30,208.04449462890625,211.36842593737322,206.72088996610802,210.88077731884883,45512500
2025-07-31,206.5716552734375,208.8307262926637,206.16362361105087,207.48722851572543,80698400
2025-08-01,201.40658569335938,212.5527122409286,200.53081350952442,209.85574027592583,104434500
2025-08-04,202.37193298339844,206.88014336875773,200.70995198839026,203.52634207300898,75109300
2025-08-05,201.94398498535156,204.35234334482283,201.18764593221573,202.42167200915333,44155100
2025-08-06,212.22430419921875,214.3440641251077,204.60114383647723,204.6409599471833,108483100
2025-08-07,218.9716796875,219.78774287041324,215.5382768294147,217.8272171299369,90224800
2025-08-08,228.24688720703125,229.88894502591432,218.19545972697713,219.76786212559261,113854000
2025-08-11,226.3438720703125,228.71511750604432,223.9327805410339,227.08115402328403,61806100
2025-08-12,228.80479431152344,229.95057099439725,226.23430307406312,227.17083074525974,55626200
2025-08-13,232.4712677001953,234.13511970527446,229.5819315694875,230.21959074533873,69878500
2025-08-14,231.9232940673828,234.2546784716922,230.00040438081015,233.1985820425246,51916300
2025-08-15,230.7376708984375,233.41777326838445,228.4959516198378,233.13880497436926,56038700
2025-08-18,230.04022216796875,232.26201052585682,229.26309412883964,230.8472385776313,37476200
2025-08-19,229.71145629882812,232.0129522601839,228.50591803460907,230.42880766374827,39402600
2025-08-20,225.1781768798828,229.6217687789582,224.93906991665554,229.1335667246527,42263900
2025-08-21,224.07228088378906,225.68632903786573,222.9564077521854,225.43724912794482,30621200
2025-08-22,226.92176818847656,228.24687520672327,224.58042602754637,225.3376235225593,42477800
2025-08-25,226.323974609375,228.45609804536198,225.3973894325087,225.6464693442017,30983100
2025-08-26,228.46603393554688,228.64537936019502,223.8630424721864,226.03501179732243,54575100
2025-08-27,229.6417236328125,230.05020313892598,227.41991984776428,227.7686378094015,31259500
2025-08-28,231.70408630371094,232.55096405412047,228.4959359400532,229.9704999102399,38074700
2025-08-29,231.28562927246094,232.52107103838586,230.51845893056873,231.65426265633033,39418400
2025-09-02,228.87454223632812,230.00038826150748,226.1346633063032,228.4062708029861,44075600
2025-09-03,237.5923309326172,237.9709372370204,233.49745685978084,236.33697373754433,66427800
2025-09-04,238.8975067138672,239.0170601981439,235.8687018920251,237.57239985348932,47549400
2025-09-05,238.80784606933594,240.43185187342493,237.61226559630578,239.1167027112504,54870400
2025-09-08,237.0045166015625,239.2661511981365,235.47017586985078,238.41928864081726,48999500
2025-09-09,233.4875030517578,237.90119155812317,232.5011411802574,236.12774389612645,66313900
2025-09-10,225.95530700683594,231.56459101144756,225.11840222253522,231.3354417686907,83440800
2025-09-11,229.18341064453125,229.60186307827533,225.81584532196928,226.04500979013486,50208600
2025-09-12,233.2085418701172,233.6469097348115,228.17712472443904,228.37638560886936,55824200
2025-09-15,235.828857421875,237.31337916896246,234.16500543557729,236.12775635652346,42699500
2025-09-16,237.2735137939453,240.33222235518573,235.45026224943368,236.30708253667353,63421100
2025-09-17,238.11044311523438,239.21635855568803,236.85507060288438,238.09051246512186,46508000
2025-09-18,237.0045166015625,240.31228984200703,235.77903252032195,239.08682096339746,44249600
2025-09-19,244.59646606445312,245.3935247988757,239.32594197772087,240.34217704154452,163741300
2025-09-22,255.13751220703125,255.69547916115815,247.2068166293636,247.38616206443075,105517400
2025-09-23,253.49359130859375,256.3928850249964,252.64672876089196,254.9382669065294,60275200
2025-09-24,251.38140869140625,254.79879299943292,250.11607847800005,254.2807025242173,42303700
2025-09-25,255.9246063232422,256.22352044118514,250.7836088309123,252.27808820484515,55202100
2025-09-26,254.51980590820312,256.6519291955366,252.84598111295833,253.16481067495934,46076300
2025-09-29,253.49359130859375,254.06150078407975,252.07881928540593,253.62311772285494,40127700
2025-09-30,253.69287109375,254.97811672142575,252.17846100632588,253.92202035086734,37704300
2025-10-01,254.5098419189453,257.83756097799323,253.9917514638179,254.10134722927504,48713900
2025-10-02,256.18365478515625,257.229778167004,253.21461153357077,255.63566078088252,42630200
2025-10-03,257.07037353515625,258.2858846694617,253.01536064819075,253.73271197999827,49155600
2025-10-06,255.7452850341797,258.1165305885388,254.1113214696764,257.0404883747525,44664100
2025-10-07,255.5360870361328,256.4526841311554,254.48993311029045,255.86485915808862,31955800
2025-10-08,257.1102294921875,257.56852798749276,255.16739414069707,255.5758888188916,36496900
2025-10-09,253.10501098632812,257.0504430809132,252.20832947523735,256.86113993459566,38322000
2025-10-10,244.3673095703125,255.436420799504,243.10197943699816,254.00171816056968,61999100
2025-10-13,246.74851989746094,248.7710475029622,244.6562426215344,248.46219085423505,38142900
2025-10-14,246.8581085205078,247.93413549962378,243.79940008876653,245.69241642712313,35478000
2025-10-15,248.42233276367188,250.89321639065437,246.559219921403,248.57178982967116,33893600
2025-10-16,246.53929138183594,248.1234359576197,244.22783772705108,247.33635013275978,39777000
2025-10-17,251.36148071289062,252.4474806979352,246.3599669580113,247.1072067041429,49147000
2025-10-20,261.27484130859375,263.4069798400544,254.68918336894043,254.94822099113512,90483000
2025-10-21,261.8028869628906,264.3136317818121,260.86634411857244,260.9161783410852,46695900
2025-10-22,257.49884033203125,261.882640960004,254.48993535873984,261.68336485657886,45015300
2025-10-23,258.6246643066406,259.66084534801524,257.06046542540827,258.9833552231903,32754900
2025-10-24,261.85272216796875,263.15789839957887,258.22610426270086,260.2287163700197,38253700
2025-10-27,267.8206787109375,268.1295353654346,263.67598537979285,263.90514984178776,44888200
2025-10-28,268.0099792480469,268.89671830922975,267.1631014853557,268.00000632210845,41534800
2025-10-29,268.7073974609375,270.4110953948544,266.1269030442272,268.28892986747474,51086700
2025-10-30,270.4011535644531,273.131090148023,267.49191714200913,270.98897852374654,69886500
2025-10-31,269.3749084472656,276.29934139392066,268.1693703205502,275.97053891965146,86167100
2025-11-03,268.0597839355469,269.8531775103368,265.2701011373342,269.42476736726525,50194600
2025-11-04,269.0461730957031,270.49081837885313,266.6350661079627,267.3424445625432,49274800
2025-11-05,269.1457824707031,270.70003856307255,265.94757476828966,267.6213843438783,43683100
2025-11-06,268.7771301269531,272.3937751745226,266.90407480138714,266.90407480138714,51204000
2025-11-07,267.4819030761719,271.28785094446636,265.78814772800683,268.8069946610708,48227400
2025-11-10,268.6985778808594,272.98692304032335,266.733924572705,268.2298525605972,41312400
2025-11-11,274.5028076171875,275.16101963639426,269.0675899882029,269.07757258136417,46208300
2025-11-12,272.7276916503906,274.9815668240292,270.96250711171905,274.2535373864602,48398000
2025-11-13,272.20904541015625,275.9488654308047,271.3513641926929,273.3658696206449,49602800
2025-11-14,271.6705322265625,275.21088338895913,268.8681625557137,270.31420819279356,47431300
2025-11-17,266.73394775390625,269.7557213346742,265.00866346949266,268.09027174019775,45018300
2025-11-18,266.7139892578125,269.97510130800674,264.59974924229334,269.25705465795,45677300
2025-11-19,267.83099365234375,271.47107967039307,264.77930243197466,264.80921977983166,40424500
2025-11-20,265.5272521972656,274.68232536305425,265.1981613886433,270.09480618650156,45823600
2025-11-21,270.75299072265625,272.5879921198442,264.9488130991126,265.2280517805383,59030800
2025-11-24,275.1710205078125,276.24807542504453,270.164627965921,270.164627965921,65585800
2025-11-25,276.2181396484375,279.6188865292943,274.5028075356392,274.52274228722064,46914200
2025-11-26,276.7966003417969,278.7712367451818,275.8791146523587,276.2082055022192,33431400
2025-11-28,278.0930480957031,278.242634823177,275.2407959413455,276.50736791500816,20135600
2025-12-01,282.3315124511719,282.65065109438723,275.3904143522869,277.2553332443013,46587700
2025-12-02,285.4131164550781,286.619823290159,281.86278279875575,282.231773534172,53669500
2025-12-03,283.378662109375,287.8365294074879,282.5309633672564,285.4231155973949,43538700
2025-12-04,279.9380187988281,283.95707766942763,277.83373081751637,283.3287830094401,43989100
2025-12-05,278.0232238769531,280.37683325787106,277.2951945750906,279.77845592816414,47265800
2025-12-08,277.1356506347656,278.9108174051644,275.4003533668138,277.374989388386,38211800
2025-12-09,276.4275817871094,279.2698514894354,276.16830825817004,277.40493251311347,32193300
2025-12-10,278.0232238769531,278.9905919368044,275.68957968235776,276.9960211276047,33038300
2025-12-11,277.2752685546875,278.8310314000742,273.0667227973629,278.34237127554803,33248000
2025-12-12,277.5245666503906,278.4620173164318,276.06853855760204,277.14559334691864,39532900
2025-12-15,273.3658752441406,279.3894873363706,272.0993337942639,279.3894873363706,50409100
2025-12-16,273.8645324707031,274.752131096348,271.0522107383373,272.07941349564567,37648600
2025-12-17,271.10205078125,275.41033087528734,270.9026119684932,274.2634587890498,50138700
2025-12-18,271.4511413574219,272.88723490520505,266.22537510199504,272.8672697170699,51630700
2025-12-19,272.9271240234375,273.8545921928022,269.1673383776201,271.4112306527045,144632000
2025-12-22,270.23443603515625,273.13654030849926,269.7756932559407,272.1192896847017,36571800
2025-12-23,271.62066650390625,271.7603010837797,268.8282792538215,270.1048034873943,29642000
2025-12-24,273.06671142578125,274.6823088952694,271.46109654935304,271.60070067851706,17910600
2025-12-26,272.6578674316406,274.6225212124231,272.1193247047194,273.4158142002898,21521800
2025-12-29,273.0168762207031,273.61522314661676,271.6107000753325,271.9497734782625,23715200
2025-12-30,272.33868408203125,273.3359694836473,271.54086793463244,272.06942798009953,22139600
2025-12-31,271.12200927734375,272.9370761103812,271.0123224859311,272.3187639976345,27293600
2026-01-02,270.27435302734375,277.0857995993762,268.26979943372277,271.52095990203577,37838100
2026-01-05,266.5345458984375,270.7730094869922,265.41759095171795,269.9053759278346,45647200
2026-01-06,261.6478271484375,266.8237416838396,261.4084883511094,266.27524679504927,52352100
2026-01-07,259.6233215332031,262.96423405428067,259.10474402829175,262.485556491205,48309800
2026-01-08,258.3368225097656,258.58614386359903,255.00587765735156,256.3222864925608,50419300
2026-01-09,258.6659240722656,259.5036402038468,255.52448097015204,258.3767027680543,39997000
2026-01-12,259.54351806640625,260.5906555331263,256.1028713590674,258.45648066308013,45263800
2026-01-13,260.34136962890625,261.0993163539261,257.68861696081353,258.01770778709204,45730800
2026-01-14,259.2543029785156,261.1092696408236,256.0131254420647,258.78557762508564,40019400
2026-01-15,257.50909423828125,260.3314293980394,256.35223934409396,259.94247342351326,39388600
2026-01-16,254.83633422851562,258.1971811198186,254.23795690818102,257.1998957308392,72142800
2026-01-20,246.0303192138672,254.09835490933511,242.75922413209136,252.04394930256512,80267500
2026-01-21,246.9777374267578,250.87712721718017,244.51444112970407,248.02489020045314,54641700
2026-01-22,247.67584228515625,250.31864258405668,247.47637302553753,248.52352576906395,39708300
2026-01-23,247.36666870117188,248.73296007338791,244.0157890837153,246.64863719927277,41689000
2026-01-26,254.71669006347656,255.86356228737432,249.121917868832,250.7973501838168,55969200
2026-01-27,257.56890869140625,261.2389423700868,257.5090739976807,258.4664899667647,49648300
2026-01-28,255.74388122558594,258.1572949521919,253.81911240916085,256.9505880888889,41288000
2026-01-29,257.5788879394531,258.94516415300217,253.7193980705993,257.29964922744847,67253000
2026-01-30,258.7756652832031,261.1890792690021,251.49546251262876,254.4773517832236,92443400
2026-02-02,269.27703857421875,269.7557160843994,258.50633807413067,259.3241194003358,73913400
2026-02-03,268.7485046386719,271.1419837262723,266.88355520832346,268.4692659190308,64394700
2026-02-04,275.7394104003906,278.19275421850585,271.55083028665655,271.55083028665655,90545700
2026-02-05,275.1610412597656,278.7412924914769,272.48832346973,277.37501624935936,52977400
2026-02-06,277.364990234375,280.1474248180158,276.1782182606431,276.3677049075235,50453400
2026-02-09,274.13079833984375,277.70443813431814,271.2160169672847,277.41494619870406,44623400
2026-02-10,273.19244384765625,274.87943562430115,272.4537718732244,274.40031021957236,34376900
2026-02-11,275.00921630859375,279.6808719096702,273.9610989943363,274.2106536370846,51931300
2026-02-12,261.2637939453125,275.22886395053104,259.7165366668213,275.09909064411113,81077200
2026-02-13,255.32435607910156,261.7628783299504,254.9949421084194,261.5432690161623,56290700
2026-02-17,263.4099426269531,265.8156532326085,255.08478749757862,257.5903108294174,58469100
2026-02-18,263.8791198730469,266.3447212846438,261.9825104325609,263.13045584681157,34203300
2026-02-19,260.11578369140625,264.00886051677537,259.5867290635135,262.13220471573277,30845300
2026-02-20,264.1086730957031,264.2783836675007,257.7001265171608,258.50868117461044,42070500
2026-02-23,265.705810546875,268.95002088588865,262.91081074777924,263.0206001676805,37308200
2026-02-24,271.6552429199219,274.4003442568012,267.233111068832,267.38283777638213,47014600
2026-02-25,273.74151611328125,274.45024283739696,270.567157599074,271.29586819299504,33714300
2026-02-26,272.4637756347656,275.61811956353745,270.31758130113775,274.4602128097023,32345100
2026-02-27,263.7093811035156,272.3240124520744,262.4217010495403,272.3240124520744,72366500
2026-03-02,264.2484130859375,266.05518620599753,259.73647625260065,261.94253069595567,41827900
2026-03-03,263.2801818847656,265.08695529305965,259.6666350681776,263.0106738027697,38568900
2026-03-04,262.0523376464844,265.67587606267574,260.95432154975975,264.17854815272653,39803100
2026-03-05,259.8263244628906,261.09405110124777,256.79173142961054,260.3254337562426,49658600
2026-03-06,257.0013427734375,258.3090066542827,253.916851068475,258.16927189629365,41120000
2026-03-09,259.41705322265625,260.68477987096253,253.22808575123491,255.2345148744848,38218500
2026-03-10,260.3653564453125,262.01244158439727,256.4922936817907,257.19102845716964,30590800
2026-03-11,260.3453674316406,261.6630231774062,259.08760235948154,260.62486739620806,26218900
2026-03-12,255.30438232421875,258.48871731031414,253.72719511663234,258.1992253881205,40794000
2026-03-13,249.6744384765625,255.87336762960538,249.07551643845036,255.024890934378,36930000
2026-03-16,252.36964416503906,253.43773019062647,249.4348789230203,251.66090222791988,32074200
2026-03-17,253.77711486816406,254.67552076289968,251.7307636559193,252.5093881906664,32361600
2026-03-18,249.49476623535156,254.48585937367065,248.55643828829037,252.1799767808244,35757900
2026-03-19,248.5165252685547,251.38140795985734,246.85947863088072,248.95572868612365,34864100
2026-03-20,247.54823303222656,248.75606899357115,245.56177255944445,247.53824109812177,88331100
2026-03-23,251.04200744628906,254.14646797882926,249.83415620831627,253.51758537106093,40546100
2026-03-24,251.1917266845703,254.37604644028636,249.10545347620703,249.90403139868116,45152300
2026-03-25,252.16998291015625,254.5457480998694,251.15181088451408,253.6473574345128,28476700
2026-03-26,252.43951416015625,256.5421934269488,250.32329549316128,251.67088153367666,41796700
2026-03-27,248.35679626464844,255.03488128462607,247.6281009352486,253.4477020992108,47900000
2026-03-30,246.19065856933594,250.4230956915925,245.07264337813007,249.62453299565456,39446200
2026-03-31,253.337890625,255.02488248828539,246.65982101631488,247.46837564153284,49598100
2026-04-01,255.17462158203125,255.7236296181179,252.8787157917901,253.62737973002484,40059400
2026-04-02,255.464111328125,255.6737439434535,250.20349485503914,253.74717405681358,31289400
2026-04-06,258.3988342285156,261.6929736576745,256.003115847535,256.053045051996,29329900
2026-04-07,253.0484161376953,255.7436185540334,245.2623079794448,255.70368128016966,62148000
2026-04-08,258.43878173828125,259.2872736156141,256.0730086009651,257.98960165960847,41032800
2026-04-09,260.02593994140625,260.65482250105316,255.6138310165902,258.5386040524215,28121600
2026-04-10,260.0159912109375,261.7229364827484,258.5585701252562,259.5168819122501,31291500
2026-04-13,258.73828125,259.71651601158027,256.2027973984465,259.2673359057164,36234700
2026-04-14,258.368896484375,261.4633801130582,256.73183388682423,258.78816168339415,48370700
2026-04-15,265.95538330078125,266.08515659729386,257.35074355126085,257.7001261657452,49913500
2026-04-16,262.9307556152344,266.6840670491935,260.804545264895,266.3246925362851,43323100
2026-04-17,269.7486267089844,271.8149160854778,266.24486962975914,266.4844323486072,61436200
2026-04-20,272.5635681152344,273.7913879220191,269.80850557942483,269.84841238867654,36590200
2026-04-21,265.69586181640625,272.3140256362382,264.9272139873882,271.0163536236942,50209800
2026-04-22,272.68341064453125,273.2523721409737,266.39461467279705,267.3429346055621,43249200
2026-04-23,272.9429016113281,275.2787294551341,271.1660737405759,274.56001085217736,33399600
2026-04-24,270.5771179199219,272.5735550213531,269.16962610782736,272.2741016414235,38157100
2026-04-27,267.1332702636719,267.88193422863776,264.59781690250213,265.6159889280984,41466800
2026-04-28,270.2277526855469,272.7432830913257,268.181416710472,271.8548539018017,40018900
2026-04-29,269.688720703125,270.55716597281076,266.56429174844374,267.07336249706583,30047900
2026-04-30,270.86663818359375,275.50834883767226,267.6623648300734,270.018146234023,91848200
2026-05-01,279.6409606933594,286.7083346607987,277.87409435408995,278.36321169794013,79915400
2026-05-04,276.33685302734375,280.13010214166496,274.3703610857382,279.16182884121525,46668400
2026-05-05,283.67376708984375,284.0630869835518,276.00745521106614,276.43668191704,49311700
2026-05-06,286.9978332519531,287.5168959460148,280.5693031693742,281.4177950537395,58336100
2026-05-07,286.9279479980469,291.60959552514373,285.2709015174152,288.75467457606095,45224300
2026-05-08,292.7974853515625,294.2349225642168,289.48339230776435,289.49338424193445,52692800
2026-05-11,292.42779541015625,293.6267735875138,289.979924827367,291.72841688276577,42247300
2026-05-12,294.54595947265625,295.0155556946294,292.3078994315659,292.3078994315659,45748100
2026-05-13,298.6124572753906,300.6607090744109,293.24708951115105,293.24708951115105,52684300
2026-05-14,297.9530334472656,300.1911240450107,295.12548538387824,299.5616620172475,35324900
2026-05-15,299.9713134765625,302.93875555297063,296.26448829773227,297.643304079477,54862800
2026-05-18,297.5833435058594,300.4009207908792,294.6558756451712,299.98126929450746,34483000
2026-05-19,298.7123718261719,300.2510533099592,296.09463441963413,296.7140952726279,42243600
2026-05-20,301.98956298828125,302.5390768782648,297.82314269813475,297.9230626302997,38229800
2026-05-21,304.7271728515625,305.27671719779084,300.1411318265125,300.80056674721834,42965100
2026-05-22,308.55389404296875,311.13165741506583,305.57645096183757,305.85620846339293,43670200
2026-05-26,308.0643005371094,311.5513139598484,307.4048960873393,309.29325163060713,48000500
2026-05-27,310.5821533203125,312.9900803339556,308.0343323058515,308.0643052358437,50430900
2026-05-28,312.24072265625,312.5304508120942,309.30325358892543,310.412282475935,48220400
2026-05-29,311.7911071777344,314.7285763294451,309.2632884033746,311.5113496628706,70026800
2026-06-01,306.0460510253906,310.67206624496237,304.7571540774977,309.363197507879,48849900
2026-06-02,314.92840576171875,315.1781903378333,306.42572903356995,307.1950545511415,44534700
2026-06-03,309.9926452636719,316.6668815001487,308.5838566628498,313.9092501546009,50836700
2026-06-04,310.9618225097656,313.26982953176514,309.38316692864953,312.96009909963743,44869100
2026-06-05,307.0751647949219,314.8984348439246,306.8853260765596,312.5903972939029,65310500
2026-06-08,301.2801818847656,317.1265012321255,300.9105055796523,308.4739595974908,77949100
2026-06-09,290.29962158203125,300.4908444635933,287.5320194610898,300.0212482417878,70108800
2026-06-10,291.3287353515625,294.4960172141002,287.1323727394638,290.4894628291428,52793300
2026-06-11,295.375244140625,296.7440586571729,289.3404406054596,293.4668864344149,42572500
2026-06-12,290.879150390625,296.88398158337014,289.3704417369658,295.7749221682621,38742100
2026-06-15,296.1645812988281,297.5233947188816,291.4486474146935,293.8665449684006,45732600
2026-06-16,298.9821472167969,300.2210994929347,293.71669913987887,294.99559499590845,39874400
2026-06-17,295.6949768066406,301.8096980081642,294.10632015937927,300.59074812548096,42745100
2026-06-18,297.7532043457031,300.31099586682666,295.3652492546472,297.8530937792582,85962200
2026-06-22,296.75408935546875,302.1594314563154,296.5043047694293,297.05381866220307,44879900
2026-06-23,294.04638671875,301.3800886038737,293.9264950024863,297.2836155142734,52010900
2026-06-24,292.8274230957031,299.4417438827621,292.68755959702736,295.1054570720635,53081900
2026-06-25,274.91290283203125,288.55113481081804,273.5141152813601,287.1523472601469,107013700
2026-06-26,283.53546142578125,285.70360492137456,273.9737007161028,274.7630284991681,261775500
2026-06-29,281.4972229003906,288.12151489662153,279.6088673150861,286.4829438934296,66427000
2026-06-30,289.11065673828125,289.69017405322865,280.45814550695326,280.9277417485351,65100200
2026-07-01,294.1263427734375,296.33442991747245,288.95081360688545,293.1871503157195,50164200
2026-07-02,308.3640441894531,309.15337194761725,293.4269150966668,293.866538367699,75352800
2026-07-06,312.3905944824219,313.9292760509671,306.7354678654279,307.0951430290638,53590000
2026-07-07,310.3923034667969,315.20815732134815,309.88273318392555,315.0183186077797,42490000
2026-07-08,313.1199645996094,314.5487250421545,306.7854009831778,311.6412289475945,41323500
2026-07-09,315.947509765625,316.2572401947346,307.8944576262147,310.24243869469103,48124500
2026-07-10,315.0483093261719,316.6369356310425,311.9010296470402,314.4488202226986,34132300
2026-07-13,317.03656005859375,323.171283634363,315.5078797345754,316.7468014245228,43257800
2026-07-14,314.58868408203125,315.91755515351207,311.64124426456783,313.48965629761443,36336800
2026-07-15,327.2178039550781,328.44675508114506,317.0465830462295,317.34631234952286,60957600
2026-07-16,332.97283935546875,334.3915986652446,326.50841333986017,327.72736328456057,62970600
2026-07-17,333.452392578125,334.7013154010385,328.71648699084636,331.693929977533,63407100
2026-07-20,326.3085632324219,333.4224228207836,323.4010672140761,333.2226134619852,53468000
2026-07-21,327.45758056640625,329.3159936819017,321.94234806189104,322.85156758462244,41338900
2026-07-22,325.60919189453125,328.7164973399543,323.0613709608057,327.58746619388995,38755900
2026-07-23,321.3828430175781,323.0214140443725,319.0748358849152,321.4527900194849,40840800
2026-07-24,332.7330322265625,334.0818750563203,321.3428614810286,321.5127284115298,47489400
2026-07-27,336.61968994140625,339.277401491225,333.73216560461384,334.2517370375488,49604300
2026-07-28,339.78692626953125,342.59453283396704,335.31080637618777,339.73698155301014,51859000
2026-07-29,337.8985900878906,344.2730974331505,337.0593175600121,339.43727163464206,56090800
2026-07-30,333.1426696777344,334.4615395264105,329.30598233808786,332.8129674612056,74817800
2026-07-31,308.6438293457031,310.4222943774597,299.7415030462749,304.54735603914753,132489100
2026-08-03,303.1585693359375,311.5313230344714,302.29929450581176,309.313234694189,75052000
2026-08-04,309.1134033203125,310.1525156602479,301.0603512911937,302.46913991298527,68001000
2026-08-05,310.7320251464844,311.4414048335362,305.40663118634393,309.09342362565195,49438800
2026-08-06,312.14080810546875,316.0174696892129,308.96355554648414,314.06913775686996,46139900
2026-08-07,313.05999755859375,314.53873325457766,310.47223295908327,311.1816431226555,34437200
2026-08-10,308.260009765625,308.260009765625,304.6099853515625,306.8299865722656,44812500
2026-08-11,304.9100036621094,309.9700012207031,302.7900085449219,307.75,37476700
2026-08-12,302.25,305.6600036621094,300.57000732421875,305.1000061035156,41657800
2026-08-13,305.260009765625,306.0,302.04998779296875,304.2099914550781,40349300
2026-08-14,305.92999267578125,307.489990234375,304.29998779296875,306.0,28229400
2026-08-17,305.5899963378906,307.6600036621094,302.94000244140625,306.2099914550781,38169300
2026-08-18,310.0299987792969,311.489990234375,305.739990234375,307.5799865722656,53424500
2026-08-19,316.8299865722656,319.2799987792969,309.6000061035156,310.1400146484375,50505600
2026-08-20,311.29998779296875,320.2799987792969,310.6499938964844,317.4599914550781,40959200
2026-08-21,309.3500061035156,312.3800048828125,307.010009765625,312.04998779296875,46876800
2026-08-24,310.3399963378906,313.3599853515625,309.9700012207031,311.4700012207031,34673600
2026-08-25,309.8999938964844,313.5899963378906,308.2099914550781,310.7900085449219,25869800
2026-08-26,313.45001220703125,315.42999267578125,308.79998779296875,310.29998779296875,34024500
2026-08-27,314.5799865722656,315.3999938964844,309.3999938964844,310.54998779296875,32419200
2026-08-28,319.70001220703125,322.3699951171875,315.45001220703125,316.8500061035156,38649400
2026-08-31,316.8500061035156,321.239990234375,312.79998779296875,319.6000061035156,41242700
2026-09-01,325.1300048828125,327.29998779296875,314.7300109863281,316.9800109863281,53167400
2026-09-02,324.9599914550781,328.3999938964844,323.5299987792969,326.8699951171875,33776400
2026-09-03,328.2099914550781,330.80999755859375,324.1099853515625,324.8699951171875,37203500
2026-09-04,320.92498779296875,328.92999267578125,317.8599853515625,328.30499267578125,17954331
